day,timestamp,contributors,score,id
"2024-12-26","2024-12-26T00:00:00+00:00","{'deep_sleep': 72, 'efficiency': 46, 'latency': 97, 'rem_sleep': 19, 'restfulness': 51, 'timing': 34, 'total_sleep': 38}",48,"1560e228-c9f5-49e7-8b71-6f1353d9f080"
"2024-12-27","2024-12-27T00:00:00+00:00","{'deep_sleep': 97, 'efficiency': 74, 'latency': 97, 'rem_sleep': 97, 'restfulness': 75, 'timing': 37, 'total_sleep': 97}",85,"fdc2ee42-23e1-41ed-995c-d5c0905f5313"
"2024-12-28","2024-12-28T00:00:00+00:00","{'deep_sleep': 74, 'efficiency': 81, 'latency': 94, 'rem_sleep': 68, 'restfulness': 58, 'timing': 23, 'total_sleep': 84}",72,"5a6b90ad-ea18-45b3-994e-033fe2d0ee7e"
"2024-12-29","2024-12-29T00:00:00+00:00","{'deep_sleep': 88, 'efficiency': 95, 'latency': 83, 'rem_sleep': 67, 'restfulness': 65, 'timing': 19, 'total_sleep': 89}",76,"ec2d838e-3fa4-4f38-8c72-4170e07ea30a"
"2024-12-30","2024-12-30T00:00:00+00:00","{'deep_sleep': 78, 'efficiency': 72, 'latency': 86, 'rem_sleep': 45, 'restfulness': 59, 'timing': 31, 'total_sleep': 62}",62,"d5cc5088-7ddd-427e-9504-50f5d2779f82"
"2024-12-31","2024-12-31T00:00:00+00:00","{'deep_sleep': 98, 'efficiency': 99, 'latency': 78, 'rem_sleep': 84, 'restfulness': 70, 'timing': 30, 'total_sleep': 75}",76,"b768d5e4-295f-46a3-9c98-c54594d7151a"
"2025-01-01","2025-01-01T00:00:00+00:00","{'deep_sleep': 96, 'efficiency': 74, 'latency': 94, 'rem_sleep': 62, 'restfulness': 63, 'timing': 9, 'total_sleep': 60}",64,"6948f843-06cc-48a4-801c-cb99e017e6c2"
"2025-01-02","2025-01-02T00:00:00+00:00","{'deep_sleep': 89, 'efficiency': 90, 'latency': 83, 'rem_sleep': 91, 'restfulness': 73, 'timing': 16, 'total_sleep': 93}",80,"e3cdbeee-e2da-4912-8eb9-fa98edbae511"
"2025-01-03","2025-01-03T00:00:00+00:00","{'deep_sleep': 95, 'efficiency': 90, 'latency': 75, 'rem_sleep': 70, 'restfulness': 81, 'timing': 17, 'total_sleep': 75}",73,"d29af7a3-5aae-41b4-9a7a-cd77812aee1b"
"2025-01-04","2025-01-04T00:00:00+00:00","{'deep_sleep': 88, 'efficiency': 90, 'latency': 83, 'rem_sleep': 63, 'restfulness': 65, 'timing': 67, 'total_sleep': 65}",72,"21caae5e-9aa5-4329-b03b-07e78e87a756"
"2025-01-05","2025-01-05T00:00:00+00:00","{'deep_sleep': 96, 'efficiency': 69, 'latency': 86, 'rem_sleep': 80, 'restfulness': 42, 'timing': 8, 'total_sleep': 88}",71,"ef912dc0-af8e-42ea-b88b-5eb692e6379f"
"2025-01-06","2025-01-06T00:00:00+00:00","{'deep_sleep': 63, 'efficiency': 53, 'latency': 24, 'rem_sleep': 46, 'restfulness': 39, 'timing': 49, 'total_sleep': 88}",60,"9ba41aed-dd8d-4ab5-8bea-a8d1cb7464a3"
"2025-01-07","2025-01-07T00:00:00+00:00","{'deep_sleep': 73, 'efficiency': 79, 'latency': 91, 'rem_sleep': 56, 'restfulness': 51, 'timing': 55, 'total_sleep': 92}",75,"7d9839d2-253d-449a-83af-6f5a67e813d6"
"2025-01-08","2025-01-08T00:00:00+00:00","{'deep_sleep': 60, 'efficiency': 79, 'latency': 94, 'rem_sleep': 47, 'restfulness': 67, 'timing': 22, 'total_sleep': 50}",58,"42f003c2-8242-4ac5-b042-1f6c02610919"
"2025-01-09","2025-01-09T00:00:00+00:00","{'deep_sleep': 96, 'efficiency': 76, 'latency': 89, 'rem_sleep': 74, 'restfulness': 75, 'timing': 54, 'total_sleep': 74}",76,"a0d7a834-1f66-4de5-93c7-3baf317dccca"
"2025-01-10","2025-01-10T00:00:00+00:00","{'deep_sleep': 97, 'efficiency': 55, 'latency': 97, 'rem_sleep': 37, 'restfulness': 61, 'timing': 63, 'total_sleep': 58}",64,"b76ae2a6-0aff-436e-ba36-72c27c2fb674"
"2025-01-11","2025-01-11T00:00:00+00:00","{'deep_sleep': 93, 'efficiency': 62, 'latency': 75, 'rem_sleep': 56, 'restfulness': 62, 'timing': 17, 'total_sleep': 59}",60,"ac525102-0842-4504-b6ce-c7d097431a34"
"2025-01-12","2025-01-12T00:00:00+00:00","{'deep_sleep': 98, 'efficiency': 90, 'latency': 89, 'rem_sleep': 81, 'restfulness': 63, 'timing': 23, 'total_sleep': 78}",75,"b224035c-9db2-47f0-abb2-fb2723de13f8"
"2025-01-13","2025-01-13T00:00:00+00:00","{'deep_sleep': 85, 'efficiency': 88, 'latency': 81, 'rem_sleep': 65, 'restfulness': 74, 'timing': 44, 'total_sleep': 70}",72,"f6998150-6e94-4c97-a395-8ae240f67b2f"
"2025-01-14","2025-01-14T00:00:00+00:00","{'deep_sleep': 95, 'efficiency': 86, 'latency': 97, 'rem_sleep': 74, 'restfulness': 64, 'timing': 29, 'total_sleep': 71}",73,"1d3472e6-7652-4ee0-b4e6-331da276037c"
"2025-01-15","2025-01-15T00:00:00+00:00","{'deep_sleep': 95, 'efficiency': 90, 'latency': 97, 'rem_sleep': 84, 'restfulness': 62, 'timing': 56, 'total_sleep': 74}",77,"abef1969-4528-4d46-866b-bc94406d0dba"
"2025-01-16","2025-01-16T00:00:00+00:00","{'deep_sleep': 96, 'efficiency': 93, 'latency': 94, 'rem_sleep': 71, 'restfulness': 79, 'timing': 43, 'total_sleep': 73}",77,"64af21f0-49ef-4b8c-879e-f89a177bc8e3"
"2025-01-17","2025-01-17T00:00:00+00:00","{'deep_sleep': 91, 'efficiency': 95, 'latency': 75, 'rem_sleep': 78, 'restfulness': 77, 'timing': 43, 'total_sleep': 74}",76,"16f0a90b-9382-4af9-a60f-fe3204960656"
"2025-01-18","2025-01-18T00:00:00+00:00","{'deep_sleep': 99, 'efficiency': 100, 'latency': 97, 'rem_sleep': 89, 'restfulness': 86, 'timing': 23, 'total_sleep': 83}",83,"143cc090-d80f-411f-8b8d-be70ef9ca7f4"
"2025-01-19","2025-01-19T00:00:00+00:00","{'deep_sleep': 95, 'efficiency': 96, 'latency': 81, 'rem_sleep': 73, 'restfulness': 86, 'timing': 25, 'total_sleep': 70}",74,"37347d6a-b3ab-4630-9f60-c2c673c61295"
"2025-01-20","2025-01-20T00:00:00+00:00","{'deep_sleep': 90, 'efficiency': 95, 'latency': 97, 'rem_sleep': 82, 'restfulness': 86, 'timing': 42, 'total_sleep': 71}",78,"193f6225-20b0-43a8-aaeb-ee08074ac6ce"
"2025-01-21","2025-01-21T00:00:00+00:00","{'deep_sleep': 78, 'efficiency': 90, 'latency': 81, 'rem_sleep': 44, 'restfulness': 73, 'timing': 58, 'total_sleep': 77}",73,"60df2a3f-fa6d-4255-9a55-d1509c76cf1b"
"2025-01-22","2025-01-22T00:00:00+00:00","{'deep_sleep': 97, 'efficiency': 97, 'latency': 86, 'rem_sleep': 77, 'restfulness': 84, 'timing': 40, 'total_sleep': 62}",74,"5cdb8f43-9ca5-4d66-8a17-af14f59f395a"
"2025-01-23","2025-01-23T00:00:00+00:00","{'deep_sleep': 85, 'efficiency': 83, 'latency': 94, 'rem_sleep': 51, 'restfulness': 70, 'timing': 42, 'total_sleep': 62}",68,"ed3509ac-1779-4acb-a9ad-89cc37824bf2"
"2025-01-24","2025-01-24T00:00:00+00:00","{'deep_sleep': 95, 'efficiency': 97, 'latency': 97, 'rem_sleep': 67, 'restfulness': 91, 'timing': 35, 'total_sleep': 78}",80,"28002f38-1ba7-428e-8fad-7235d0088d57"
"2025-01-25","2025-01-25T00:00:00+00:00","{'deep_sleep': 97, 'efficiency': 96, 'latency': 86, 'rem_sleep': 99, 'restfulness': 86, 'timing': 19, 'total_sleep': 91}",84,"e0456d72-07bf-4312-9937-c9c53c1294e3"
"2025-01-26","2025-01-26T00:00:00+00:00","{'deep_sleep': 99, 'efficiency': 96, 'latency': 89, 'rem_sleep': 83, 'restfulness': 73, 'timing': 22, 'total_sleep': 76}",76,"9daa6216-94bb-49ed-ab0d-aebef8fd988c"
"2025-01-27","2025-01-27T00:00:00+00:00","{'deep_sleep': 95, 'efficiency': 83, 'latency': 56, 'rem_sleep': 75, 'restfulness': 83, 'timing': 28, 'total_sleep': 66}",69,"b30c8dc3-4fa7-4e05-9a47-c9e8d1712a6d"
"2025-01-28","2025-01-28T00:00:00+00:00","{'deep_sleep': 85, 'efficiency': 98, 'latency': 72, 'rem_sleep': 67, 'restfulness': 85, 'timing': 61, 'total_sleep': 69}",75,"fd405c89-586e-413d-a443-31822f406a72"
"2025-01-29","2025-01-29T00:00:00+00:00","{'deep_sleep': 96, 'efficiency': 95, 'latency': 86, 'rem_sleep': 95, 'restfulness': 82, 'timing': 46, 'total_sleep': 82}",83,"33272c0e-5380-491f-b861-7325a26862e3"
"2025-01-30","2025-01-30T00:00:00+00:00","{'deep_sleep': 97, 'efficiency': 93, 'latency': 81, 'rem_sleep': 82, 'restfulness': 84, 'timing': 36, 'total_sleep': 79}",79,"a421a350-10d8-4e52-8c4d-1d0add17b0b2"
"2025-01-31","2025-01-31T00:00:00+00:00","{'deep_sleep': 100, 'efficiency': 98, 'latency': 86, 'rem_sleep': 99, 'restfulness': 90, 'timing': 58, 'total_sleep': 76}",84,"bb370f79-9283-4b8c-a55e-b7af83f3d8f7"
"2025-02-01","2025-02-01T00:00:00+00:00","{'deep_sleep': 81, 'efficiency': 97, 'latency': 86, 'rem_sleep': 87, 'restfulness': 81, 'timing': 22, 'total_sleep': 83}",79,"1fff5a26-f911-4cfd-9af0-43cd9b3a4fb5"
"2025-02-02","2025-02-02T00:00:00+00:00","{'deep_sleep': 96, 'efficiency': 97, 'latency': 94, 'rem_sleep': 97, 'restfulness': 76, 'timing': 15, 'total_sleep': 82}",80,"0748a3ad-fe4c-4585-a847-71f1a09ae237"
"2025-02-03","2025-02-03T00:00:00+00:00","{'deep_sleep': 97, 'efficiency': 97, 'latency': 89, 'rem_sleep': 67, 'restfulness': 82, 'timing': 37, 'total_sleep': 74}",77,"d4072166-d96d-4496-bfc6-4aca49bd6ef2"
"2025-02-04","2025-02-04T00:00:00+00:00","{'deep_sleep': 98, 'efficiency': 93, 'latency': 94, 'rem_sleep': 84, 'restfulness': 76, 'timing': 41, 'total_sleep': 77}",79,"a450c54e-2fbb-4c8e-baca-2b042d1aafed"
"2025-02-05","2025-02-05T00:00:00+00:00","{'deep_sleep': 96, 'efficiency': 96, 'latency': 78, 'rem_sleep': 82, 'restfulness': 87, 'timing': 33, 'total_sleep': 74}",77,"52f47e5e-36ec-4000-9672-2dbedfee252f"
"2025-02-06","2025-02-06T00:00:00+00:00","{'deep_sleep': 96, 'efficiency': 90, 'latency': 89, 'rem_sleep': 62, 'restfulness': 85, 'timing': 30, 'total_sleep': 66}",73,"bd3b0ebc-ab0d-4215-b39d-7887b96cf85e"
"2025-02-07","2025-02-07T00:00:00+00:00","{'deep_sleep': 95, 'efficiency': 90, 'latency': 59, 'rem_sleep': 58, 'restfulness': 80, 'timing': 53, 'total_sleep': 75}",74,"50f0bf51-df34-4204-a9d9-6868f59d3c75"
"2025-02-08","2025-02-08T00:00:00+00:00","{'deep_sleep': 85, 'efficiency': 88, 'latency': 75, 'rem_sleep': 59, 'restfulness': 84, 'timing': 55, 'total_sleep': 69}",73,"2930c598-525a-4214-919c-6be65cce6ffc"
"2025-02-09","2025-02-09T00:00:00+00:00","{'deep_sleep': 98, 'efficiency': 93, 'latency': 91, 'rem_sleep': 80, 'restfulness': 76, 'timing': 38, 'total_sleep': 76}",78,"2166e38d-0c71-43cb-b39d-853d5bc15e4a"
"2025-02-10","2025-02-10T00:00:00+00:00","{'deep_sleep': 80, 'efficiency': 86, 'latency': 75, 'rem_sleep': 65, 'restfulness': 80, 'timing': 20, 'total_sleep': 63}",67,"37b508fb-02dd-437c-9cb8-bffcb2c32186"
"2025-02-11","2025-02-11T00:00:00+00:00","{'deep_sleep': 96, 'efficiency': 90, 'latency': 94, 'rem_sleep': 70, 'restfulness': 80, 'timing': 39, 'total_sleep': 68}",75,"816b2c35-e344-4fc9-9bb0-9fe49641e9b2"
"2025-02-12","2025-02-12T00:00:00+00:00","{'deep_sleep': 97, 'efficiency': 90, 'latency': 91, 'rem_sleep': 62, 'restfulness': 85, 'timing': 41, 'total_sleep': 70}",75,"724a1ad6-0018-4303-8b28-93879e0d0bc5"
"2025-02-13","2025-02-13T00:00:00+00:00","{'deep_sleep': 97, 'efficiency': 96, 'latency': 89, 'rem_sleep': 76, 'restfulness': 87, 'timing': 51, 'total_sleep': 68}",78,"93978a77-f5e6-4e99-8e28-e9b1ba5c14d7"
"2025-02-14","2025-02-14T00:00:00+00:00","{'deep_sleep': 98, 'efficiency': 96, 'latency': 94, 'rem_sleep': 69, 'restfulness': 94, 'timing': 52, 'total_sleep': 68}",79,"222fe5b2-1aae-4eeb-9a78-cf840e51e9e0"
"2025-02-15","2025-02-15T00:00:00+00:00","{'deep_sleep': 96, 'efficiency': 96, 'latency': 86, 'rem_sleep': 80, 'restfulness': 61, 'timing': 32, 'total_sleep': 76}",75,"dd74d9a0-2709-47a2-acb6-34c202e87a0a"
"2025-02-16","2025-02-16T00:00:00+00:00","{'deep_sleep': 96, 'efficiency': 95, 'latency': 83, 'rem_sleep': 78, 'restfulness': 93, 'timing': 22, 'total_sleep': 78}",79,"474ecca1-8c57-45b3-967a-d9657a4822d8"
"2025-02-17","2025-02-17T00:00:00+00:00","{'deep_sleep': 95, 'efficiency': 93, 'latency': 75, 'rem_sleep': 75, 'restfulness': 78, 'timing': 30, 'total_sleep': 72}",74,"cbe08a0e-9a14-4bbe-b25c-38acb5761549"
"2025-02-18","2025-02-18T00:00:00+00:00","{'deep_sleep': 96, 'efficiency': 97, 'latency': 86, 'rem_sleep': 95, 'restfulness': 84, 'timing': 30, 'total_sleep': 87}",83,"752f3792-db2a-45fd-8bb1-a2f4daeb432c"
"2025-02-19","2025-02-19T00:00:00+00:00","{'deep_sleep': 66, 'efficiency': 88, 'latency': 91, 'rem_sleep': 75, 'restfulness': 71, 'timing': 28, 'total_sleep': 76}",72,"68e231d8-e989-4d79-9aa1-f69bba330d96"
"2025-02-20","2025-02-20T00:00:00+00:00","{'deep_sleep': 96, 'efficiency': 95, 'latency': 97, 'rem_sleep': 70, 'restfulness': 70, 'timing': 40, 'total_sleep': 74}",76,"aa1af065-fcd1-40b5-8425-69376210a0fd"
"2025-02-21","2025-02-21T00:00:00+00:00","{'deep_sleep': 87, 'efficiency': 93, 'latency': 97, 'rem_sleep': 66, 'restfulness': 77, 'timing': 21, 'total_sleep': 78}",75,"4b138f47-1b18-42b0-b368-e903d6d5cdb7"
"2025-02-22","2025-02-22T00:00:00+00:00","{'deep_sleep': 96, 'efficiency': 88, 'latency': 83, 'rem_sleep': 90, 'restfulness': 84, 'timing': 16, 'total_sleep': 79}",78,"1fb9344e-f587-45f0-b66d-0a968feac597"
"2025-02-23","2025-02-23T00:00:00+00:00","{'deep_sleep': 90, 'efficiency': 93, 'latency': 99, 'rem_sleep': 74, 'restfulness': 82, 'timing': 49, 'total_sleep': 87}",83,"c93df087-3609-47ce-a4c7-4c3e20f9547b"
"2025-02-24","2025-02-24T00:00:00+00:00","{'deep_sleep': 95, 'efficiency': 97, 'latency': 94, 'rem_sleep': 71, 'restfulness': 87, 'timing': 42, 'total_sleep': 73}",78,"fea35bc6-61a3-428f-8569-3dd817b14e01"
"2025-02-25","2025-02-25T00:00:00+00:00","{'deep_sleep': 96, 'efficiency': 90, 'latency': 86, 'rem_sleep': 62, 'restfulness': 84, 'timing': 36, 'total_sleep': 76}",76,"fa924d8f-89c6-4928-98df-196cfa876be2"
"2025-02-26","2025-02-26T00:00:00+00:00","{'deep_sleep': 98, 'efficiency': 90, 'latency': 94, 'rem_sleep': 52, 'restfulness': 74, 'timing': 35, 'total_sleep': 67}",72,"ccd44dcf-aad8-48e1-8522-b90856cecab0"
"2025-02-27","2025-02-27T00:00:00+00:00","{'deep_sleep': 95, 'efficiency': 98, 'latency': 99, 'rem_sleep': 54, 'restfulness': 81, 'timing': 22, 'total_sleep': 79}",77,"fb8dcce9-bc4c-4df1-ab65-df57a322d909"
"2025-02-28","2025-02-28T00:00:00+00:00","{'deep_sleep': 97, 'efficiency': 93, 'latency': 78, 'rem_sleep': 81, 'restfulness': 82, 'timing': 24, 'total_sleep': 68}",73,"2c34463b-c62f-4992-9a3d-e7abd793aaf7"
"2025-03-01","2025-03-01T00:00:00+00:00","{'deep_sleep': 81, 'efficiency': 88, 'latency': 81, 'rem_sleep': 84, 'restfulness': 87, 'timing': 34, 'total_sleep': 80}",78,"76133a24-c6bf-42c0-a724-38494f2b7bfc"
"2025-03-02","2025-03-02T00:00:00+00:00","{'deep_sleep': 99, 'efficiency': 93, 'latency': 70, 'rem_sleep': 96, 'restfulness': 87, 'timing': 26, 'total_sleep': 78}",79,"08ea4af3-5642-41d0-a067-9a2a2742f422"
"2025-03-03","2025-03-03T00:00:00+00:00","{'deep_sleep': 90, 'efficiency': 93, 'latency': 91, 'rem_sleep': 77, 'restfulness': 75, 'timing': 49, 'total_sleep': 77}",78,"4083ac7d-7225-45a8-b995-7cd8d7fc5886"
"2025-03-04","2025-03-04T00:00:00+00:00","{'deep_sleep': 97, 'efficiency': 96, 'latency': 78, 'rem_sleep': 63, 'restfulness': 71, 'timing': 49, 'total_sleep': 65}",72,"d67bb72f-b846-455e-994e-27e0cab96d77"
"2025-03-05","2025-03-05T00:00:00+00:00","{'deep_sleep': 97, 'efficiency': 96, 'latency': 83, 'rem_sleep': 91, 'restfulness': 73, 'timing': 40, 'total_sleep': 83}",81,"f6affc81-b89e-42f5-b3e7-39b3ec4f8ede"
"2025-03-06","2025-03-06T00:00:00+00:00","{'deep_sleep': 96, 'efficiency': 69, 'latency': 83, 'rem_sleep': 51, 'restfulness': 79, 'timing': 48, 'total_sleep': 64}",69,"ccd08163-6cbc-49bf-ac8c-fc5a538dab72"
"2025-03-07","2025-03-07T00:00:00+00:00","{'deep_sleep': 97, 'efficiency': 90, 'latency': 83, 'rem_sleep': 97, 'restfulness': 85, 'timing': 43, 'total_sleep': 82}",82,"f27a73fc-11fb-4270-a99b-b2aa336c9117"
"2025-03-08","2025-03-08T00:00:00+00:00","{'deep_sleep': 97, 'efficiency': 81, 'latency': 81, 'rem_sleep': 58, 'restfulness': 90, 'timing': 17, 'total_sleep': 71}",72,"3b5320d6-29e1-4022-8007-52b17254557a"
"2025-03-09","2025-03-09T00:00:00+00:00","{'deep_sleep': 89, 'efficiency': 67, 'latency': 89, 'rem_sleep': 75, 'restfulness': 66, 'timing': 21, 'total_sleep': 60}",65,"45e62e60-fd53-4aa9-a56f-d1b2a1de9e51"
"2025-03-10","2025-03-10T00:00:00+00:00","{'deep_sleep': 95, 'efficiency': 95, 'latency': 75, 'rem_sleep': 66, 'restfulness': 78, 'timing': 21, 'total_sleep': 75}",73,"365bbe00-f984-4570-854d-e66399fc9999"
"2025-03-11","2025-03-11T00:00:00+00:00","{'deep_sleep': 99, 'efficiency': 90, 'latency': 97, 'rem_sleep': 74, 'restfulness': 86, 'timing': 29, 'total_sleep': 75}",78,"c61a8b95-b8b2-43c2-934a-75da4efaa500"
"2025-03-12","2025-03-12T00:00:00+00:00","{'deep_sleep': 99, 'efficiency': 90, 'latency': 78, 'rem_sleep': 84, 'restfulness': 79, 'timing': 34, 'total_sleep': 84}",80,"0879d3ce-ffc5-4852-a724-654491bcf8ac"
"2025-03-13","2025-03-13T00:00:00+00:00","{'deep_sleep': 97, 'efficiency': 96, 'latency': 94, 'rem_sleep': 77, 'restfulness': 87, 'timing': 42, 'total_sleep': 79}",81,"d623b676-5643-4144-9f94-ae29837135d2"
"2025-03-14","2025-03-14T00:00:00+00:00","{'deep_sleep': 78, 'efficiency': 93, 'latency': 83, 'rem_sleep': 61, 'restfulness': 84, 'timing': 18, 'total_sleep': 52}",64,"3004f87d-b42f-4a18-abe8-06492ed413cd"
"2025-03-15","2025-03-15T00:00:00+00:00","{'deep_sleep': 95, 'efficiency': 97, 'latency': 89, 'rem_sleep': 96, 'restfulness': 81, 'timing': 7, 'total_sleep': 93}",83,"d942c29e-6c23-410d-8e10-6c26045eedaf"
"2025-03-17","2025-03-17T00:00:00+00:00","{'deep_sleep': 91, 'efficiency': 93, 'latency': 75, 'rem_sleep': 51, 'restfulness': 68, 'timing': 12, 'total_sleep': 70}",67,"a6d879c9-7cb1-4571-ae6b-1da2555ad234"
"2025-03-18","2025-03-18T00:00:00+00:00","{'deep_sleep': 81, 'efficiency': 93, 'latency': 72, 'rem_sleep': 88, 'restfulness': 87, 'timing': 21, 'total_sleep': 71}",73,"b869b8a6-feab-4eb8-b96f-607d56e86dea"
"2025-03-19","2025-03-19T00:00:00+00:00","{'deep_sleep': 95, 'efficiency': 96, 'latency': 86, 'rem_sleep': 90, 'restfulness': 80, 'timing': 30, 'total_sleep': 77}",79,"4a22f873-9b05-4856-a9f3-70f690508608"
"2025-03-20","2025-03-20T00:00:00+00:00","{'deep_sleep': 97, 'efficiency': 90, 'latency': 97, 'rem_sleep': 75, 'restfulness': 80, 'timing': 38, 'total_sleep': 74}",78,"0bb55573-2832-4553-96b4-43e2a9fe5a5e"
"2025-03-21","2025-03-21T00:00:00+00:00","{'deep_sleep': 75, 'efficiency': 95, 'latency': 62, 'rem_sleep': 73, 'restfulness': 81, 'timing': 26, 'total_sleep': 76}",72,"41747933-8cbd-42a7-b8cb-7b499a46b27f"
"2025-03-22","2025-03-22T00:00:00+00:00","{'deep_sleep': 76, 'efficiency': 51, 'latency': 12, 'rem_sleep': 64, 'restfulness': 49, 'timing': 17, 'total_sleep': 63}",51,"6b139b5c-325d-4710-ac4a-ef74bc164823"
"2025-03-23","2025-03-23T00:00:00+00:00","{'deep_sleep': 79, 'efficiency': 79, 'latency': 91, 'rem_sleep': 45, 'restfulness': 88, 'timing': 13, 'total_sleep': 46}",60,"8afedfc9-ea30-4c0b-9483-a5c7afe87fec"
"2025-03-24","2025-03-24T00:00:00+00:00","{'deep_sleep': 95, 'efficiency': 93, 'latency': 86, 'rem_sleep': 54, 'restfulness': 82, 'timing': 47, 'total_sleep': 62}",72,"63a7a7b8-9f92-4c8b-9cfe-f918f324c36b"
"2025-03-25","2025-03-25T00:00:00+00:00","{'deep_sleep': 97, 'efficiency': 97, 'latency': 94, 'rem_sleep': 72, 'restfulness': 81, 'timing': 16, 'total_sleep': 74}",76,"ba9979f1-96cb-46ee-93ca-2cbaaeed7d28"
"2025-03-26","2025-03-26T00:00:00+00:00","{'deep_sleep': 79, 'efficiency': 90, 'latency': 86, 'rem_sleep': 69, 'restfulness': 81, 'timing': 22, 'total_sleep': 63}",69,"422c0f68-b29d-47d6-84da-c492fa2c83d1"
"2025-03-27","2025-03-27T00:00:00+00:00","{'deep_sleep': 96, 'efficiency': 79, 'latency': 97, 'rem_sleep': 46, 'restfulness': 85, 'timing': 20, 'total_sleep': 53}",65,"cb0e978f-ef5f-4c1e-882a-f9cba0bcf087"
"2025-03-28","2025-03-28T00:00:00+00:00","{'deep_sleep': 96, 'efficiency': 90, 'latency': 86, 'rem_sleep': 78, 'restfulness': 67, 'timing': 23, 'total_sleep': 69}",72,"07c2bfae-3a1a-49d6-b4f6-6b4ce8aa0b59"
"2025-03-29","2025-03-29T00:00:00+00:00","{'deep_sleep': 98, 'efficiency': 93, 'latency': 86, 'rem_sleep': 71, 'restfulness': 81, 'timing': 16, 'total_sleep': 76}",75,"9f118cf1-155d-4cb6-b107-6a47ca4c51d5"
"2025-03-30","2025-03-30T00:00:00+00:00","{'deep_sleep': 96, 'efficiency': 93, 'latency': 81, 'rem_sleep': 96, 'restfulness': 80, 'timing': 2, 'total_sleep': 98}",83,"0e217e5e-c4d5-4ae0-9dea-6bded214d34f"
"2025-03-31","2025-03-31T00:00:00+00:00","{'deep_sleep': 96, 'efficiency': 86, 'latency': 94, 'rem_sleep': 57, 'restfulness': 78, 'timing': 22, 'total_sleep': 58}",67,"7482b00e-122c-4181-b728-65abd7db26f3"
"2025-04-02","2025-04-02T00:00:00+00:00","{'deep_sleep': 97, 'efficiency': 97, 'latency': 94, 'rem_sleep': 76, 'restfulness': 76, 'timing': 28, 'total_sleep': 77}",78,"034bd35d-9822-4e67-80c7-2a4f24104b48"
"2025-04-03","2025-04-03T00:00:00+00:00","{'deep_sleep': 89, 'efficiency': 79, 'latency': 64, 'rem_sleep': 53, 'restfulness': 92, 'timing': 26, 'total_sleep': 64}",67,"8a363652-5c8e-4f0b-800d-57ea836573c5"
"2025-04-04","2025-04-04T00:00:00+00:00","{'deep_sleep': 62, 'efficiency': 86, 'latency': 94, 'rem_sleep': 49, 'restfulness': 83, 'timing': 29, 'total_sleep': 47}",61,"23359722-fb0c-466a-b5bd-59971d9e9f61"
"2025-04-05","2025-04-05T00:00:00+00:00","{'deep_sleep': 95, 'efficiency': 69, 'latency': 99, 'rem_sleep': 49, 'restfulness': 71, 'timing': 14, 'total_sleep': 64}",66,"e8a05f74-c16a-4901-af17-82e117298950"
"2025-04-06","2025-04-06T00:00:00+00:00","{'deep_sleep': 97, 'efficiency': 81, 'latency': 89, 'rem_sleep': 90, 'restfulness': 62, 'timing': 17, 'total_sleep': 81}",75,"7cfea306-2d8c-4c40-95d4-0e675a872f8b"
"2025-04-07","2025-04-07T00:00:00+00:00","{'deep_sleep': 82, 'efficiency': 90, 'latency': 78, 'rem_sleep': 63, 'restfulness': 89, 'timing': 24, 'total_sleep': 57}",67,"8bab2f7f-712c-42d3-ade6-91c213dee3a3"
"2025-04-08","2025-04-08T00:00:00+00:00","{'deep_sleep': 97, 'efficiency': 76, 'latency': 91, 'rem_sleep': 53, 'restfulness': 78, 'timing': 40, 'total_sleep': 78}",75,"a189947c-ecdb-4f6e-b499-9c26884ae37b"
"2025-04-09","2025-04-09T00:00:00+00:00","{'deep_sleep': 97, 'efficiency': 90, 'latency': 86, 'rem_sleep': 50, 'restfulness': 77, 'timing': 71, 'total_sleep': 71}",77,"24d24be5-d6a4-49af-98cf-1cdf246fd3e4"
"2025-04-10","2025-04-10T00:00:00+00:00","{'deep_sleep': 93, 'efficiency': 97, 'latency': 97, 'rem_sleep': 97, 'restfulness': 73, 'timing': 45, 'total_sleep': 98}",88,"9ceb08ce-dc56-4f21-8150-99ed3302e879"
"2025-04-11","2025-04-11T00:00:00+00:00","{'deep_sleep': 96, 'efficiency': 72, 'latency': 70, 'rem_sleep': 82, 'restfulness': 54, 'timing': 28, 'total_sleep': 76}",69,"e4d5f9b2-4c1f-4a7c-936e-6da4f79b9a8d"
"2025-04-12","2025-04-12T00:00:00+00:00","{'deep_sleep': 96, 'efficiency': 97, 'latency': 99, 'rem_sleep': 75, 'restfulness': 82, 'timing': 33, 'total_sleep': 80}",80,"5725202e-e231-461f-a64b-73b050735bc3"
"2025-04-13","2025-04-13T00:00:00+00:00","{'deep_sleep': 75, 'efficiency': 62, 'latency': 81, 'rem_sleep': 42, 'restfulness': 71, 'timing': 75, 'total_sleep': 52}",62,"9d788255-aa47-4ef2-be1f-bb57c5753dba"
"2025-04-14","2025-04-14T00:00:00+00:00","{'deep_sleep': 97, 'efficiency': 67, 'latency': 86, 'rem_sleep': 71, 'restfulness': 69, 'timing': 61, 'total_sleep': 59}",69,"dcb30ca0-c9c7-44fd-88a9-0ca08cccd45e"
"2025-04-15","2025-04-15T00:00:00+00:00","{'deep_sleep': 82, 'efficiency': 90, 'latency': 97, 'rem_sleep': 74, 'restfulness': 82, 'timing': 78, 'total_sleep': 69}",79,"585bc505-cbfc-4eb9-8833-9742f28af0bc"
"2025-04-16","2025-04-16T00:00:00+00:00","{'deep_sleep': 94, 'efficiency': 93, 'latency': 94, 'rem_sleep': 49, 'restfulness': 76, 'timing': 55, 'total_sleep': 55}",69,"e0818837-4d17-4e27-8371-0a928a2b03cb"
"2025-04-17","2025-04-17T00:00:00+00:00","{'deep_sleep': 86, 'efficiency': 69, 'latency': 97, 'rem_sleep': 55, 'restfulness': 66, 'timing': 81, 'total_sleep': 57}",69,"35888950-d7cb-4746-ab84-ec6b36b20b80"
"2025-04-18","2025-04-18T00:00:00+00:00","{'deep_sleep': 97, 'efficiency': 86, 'latency': 83, 'rem_sleep': 86, 'restfulness': 80, 'timing': 63, 'total_sleep': 85}",83,"e00f0043-525f-4974-aa11-6e2323dda008"
"2025-04-19","2025-04-19T00:00:00+00:00","{'deep_sleep': 96, 'efficiency': 81, 'latency': 94, 'rem_sleep': 69, 'restfulness': 63, 'timing': 19, 'total_sleep': 70}",70,"a4e6bd1f-9b7e-417d-b3a4-f21a941a277b"
"2025-04-20","2025-04-20T00:00:00+00:00","{'deep_sleep': 99, 'efficiency': 76, 'latency': 83, 'rem_sleep': 76, 'restfulness': 52, 'timing': 35, 'total_sleep': 83}",74,"62cda6e4-6f7f-4820-b76b-fec08adc3bd8"
"2025-04-22","2025-04-22T00:00:00+00:00","{'deep_sleep': 98, 'efficiency': 76, 'latency': 94, 'rem_sleep': 76, 'restfulness': 54, 'timing': 32, 'total_sleep': 72}",71,"a788e54d-b73e-40a9-9830-057276d0aa59"
"2025-04-23","2025-04-23T00:00:00+00:00","{'deep_sleep': 91, 'efficiency': 96, 'latency': 99, 'rem_sleep': 78, 'restfulness': 63, 'timing': 29, 'total_sleep': 78}",76,"dc55c05a-1366-436a-9f0b-59ba878863b8"
"2025-04-24","2025-04-24T00:00:00+00:00","{'deep_sleep': 97, 'efficiency': 81, 'latency': 97, 'rem_sleep': 80, 'restfulness': 61, 'timing': 23, 'total_sleep': 82}",76,"a2545bc4-b65d-41e5-9c14-0178a2c7348d"
"2025-04-25","2025-04-25T00:00:00+00:00","{'deep_sleep': 88, 'efficiency': 97, 'latency': 89, 'rem_sleep': 45, 'restfulness': 79, 'timing': 47, 'total_sleep': 53}",67,"b395a911-a69e-469d-9599-dd08543e52e4"
"2025-04-26","2025-04-26T00:00:00+00:00","{'deep_sleep': 96, 'efficiency': 76, 'latency': 97, 'rem_sleep': 69, 'restfulness': 65, 'timing': 20, 'total_sleep': 80}",74,"b7abe731-42e5-47b0-be28-503741a0b027"
"2025-04-27","2025-04-27T00:00:00+00:00","{'deep_sleep': 70, 'efficiency': 72, 'latency': 72, 'rem_sleep': 67, 'restfulness': 66, 'timing': 13, 'total_sleep': 66}",62,"e2e782d9-f40f-4ebb-b59a-747dcc107b4a"
"2025-04-28","2025-04-28T00:00:00+00:00","{'deep_sleep': 99, 'efficiency': 62, 'latency': 86, 'rem_sleep': 60, 'restfulness': 55, 'timing': 47, 'total_sleep': 67}",67,"e5f1e73a-2988-49e8-9e5f-14a63917cf8c"
"2025-04-29","2025-04-29T00:00:00+00:00","{'deep_sleep': 96, 'efficiency': 74, 'latency': 91, 'rem_sleep': 66, 'restfulness': 72, 'timing': 11, 'total_sleep': 84}",74,"bbf862d1-019f-49cf-9102-4578bf599529"
"2025-04-30","2025-04-30T00:00:00+00:00","{'deep_sleep': 81, 'efficiency': 90, 'latency': 91, 'rem_sleep': 63, 'restfulness': 67, 'timing': 23, 'total_sleep': 73}",71,"a05da982-e8e7-4cf5-b6df-f2bf3e9b8ebf"
"2025-05-01","2025-05-01T00:00:00+00:00","{'deep_sleep': 77, 'efficiency': 93, 'latency': 67, 'rem_sleep': 83, 'restfulness': 82, 'timing': 23, 'total_sleep': 80}",74,"6dd33f8d-8a14-48f4-afb9-6e3fa96074b0"
"2025-05-02","2025-05-02T00:00:00+00:00","{'deep_sleep': 97, 'efficiency': 95, 'latency': 83, 'rem_sleep': 99, 'restfulness': 83, 'timing': 23, 'total_sleep': 100}",87,"55bd5f70-eabd-44c5-bc24-47cf2cac0ce3"
"2025-05-04","2025-05-04T00:00:00+00:00","{'deep_sleep': 97, 'efficiency': 83, 'latency': 97, 'rem_sleep': 96, 'restfulness': 73, 'timing': 17, 'total_sleep': 82}",79,"1e4b142b-e25e-4cbe-9e0e-2be1afd65bde"
"2025-05-05","2025-05-05T00:00:00+00:00","{'deep_sleep': 97, 'efficiency': 86, 'latency': 81, 'rem_sleep': 95, 'restfulness': 49, 'timing': 33, 'total_sleep': 87}",77,"7ccec126-55c5-4706-b45b-4521722ab698"
"2025-05-06","2025-05-06T00:00:00+00:00","{'deep_sleep': 84, 'efficiency': 90, 'latency': 89, 'rem_sleep': 78, 'restfulness': 84, 'timing': 21, 'total_sleep': 81}",77,"78625609-5de0-411a-b6fe-fbee003d4435"
"2025-05-07","2025-05-07T00:00:00+00:00","{'deep_sleep': 78, 'efficiency': 74, 'latency': 81, 'rem_sleep': 88, 'restfulness': 56, 'timing': 66, 'total_sleep': 78}",75,"8b51edcf-e6cf-4202-b7f3-00de4ea4fda9"
"2025-05-08","2025-05-08T00:00:00+00:00","{'deep_sleep': 97, 'efficiency': 86, 'latency': 83, 'rem_sleep': 79, 'restfulness': 78, 'timing': 46, 'total_sleep': 89}",82,"a19db1ad-9cfa-41e2-8c64-a0bac38ddb55"
"2025-05-09","2025-05-09T00:00:00+00:00","{'deep_sleep': 96, 'efficiency': 86, 'latency': 91, 'rem_sleep': 93, 'restfulness': 74, 'timing': 52, 'total_sleep': 75}",79,"23bb1b53-46e0-4f44-ba49-2d7e6abed81b"
"2025-05-10","2025-05-10T00:00:00+00:00","{'deep_sleep': 97, 'efficiency': 67, 'latency': 99, 'rem_sleep': 72, 'restfulness': 72, 'timing': 41, 'total_sleep': 80}",76,"6896d93c-6a3f-419d-98fd-cbdcb4d5612e"
"2025-05-11","2025-05-11T00:00:00+00:00","{'deep_sleep': 95, 'efficiency': 83, 'latency': 89, 'rem_sleep': 61, 'restfulness': 84, 'timing': 28, 'total_sleep': 76}",75,"22d4d777-7a85-4a3c-a117-9b16ef9b0fa8"
"2025-05-12","2025-05-12T00:00:00+00:00","{'deep_sleep': 95, 'efficiency': 55, 'latency': 75, 'rem_sleep': 42, 'restfulness': 49, 'timing': 51, 'total_sleep': 72}",64,"8aac8f3a-56c7-4cdc-bb09-36817d1d7e6b"
"2025-05-13","2025-05-13T00:00:00+00:00","{'deep_sleep': 97, 'efficiency': 95, 'latency': 86, 'rem_sleep': 97, 'restfulness': 78, 'timing': 43, 'total_sleep': 77}",80,"609bf88d-7ba6-4bd2-9379-704f6916d2cd"
"2025-05-14","2025-05-14T00:00:00+00:00","{'deep_sleep': 97, 'efficiency': 74, 'latency': 86, 'rem_sleep': 91, 'restfulness': 56, 'timing': 21, 'total_sleep': 73}",71,"2f04fb57-afef-480a-9285-1a6175bbf37a"
"2025-05-15","2025-05-15T00:00:00+00:00","{'deep_sleep': 95, 'efficiency': 83, 'latency': 86, 'rem_sleep': 63, 'restfulness': 62, 'timing': 31, 'total_sleep': 73}",71,"61624346-6489-4d37-bf31-a9d94ef61b60"
"2025-05-16","2025-05-16T00:00:00+00:00","{'deep_sleep': 97, 'efficiency': 69, 'latency': 97, 'rem_sleep': 64, 'restfulness': 81, 'timing': 49, 'total_sleep': 82}",78,"5fefcd6c-38bd-436f-a8db-85ba544244fc"
"2025-05-17","2025-05-17T00:00:00+00:00","{'deep_sleep': 95, 'efficiency': 74, 'latency': 72, 'rem_sleep': 54, 'restfulness': 74, 'timing': 24, 'total_sleep': 53}",62,"846ae18c-69f4-467a-bbe0-81b7fa5f31c3"
"2025-05-18","2025-05-18T00:00:00+00:00","{'deep_sleep': 96, 'efficiency': 86, 'latency': 78, 'rem_sleep': 95, 'restfulness': 66, 'timing': 29, 'total_sleep': 82}",77,"5fbb6597-310e-4fe4-ba6a-2cb141c1c2ed"
"2025-05-19","2025-05-19T00:00:00+00:00","{'deep_sleep': 64, 'efficiency': 72, 'latency': 94, 'rem_sleep': 49, 'restfulness': 64, 'timing': 23, 'total_sleep': 83}",69,"f8d64d72-c72b-4505-bd8b-208cee5210ba"
"2025-05-20","2025-05-20T00:00:00+00:00","{'deep_sleep': 93, 'efficiency': 67, 'latency': 94, 'rem_sleep': 42, 'restfulness': 88, 'timing': 48, 'total_sleep': 49}",65,"7a72320f-996d-4143-bea6-685d44b4f2ab"
"2025-05-21","2025-05-21T00:00:00+00:00","{'deep_sleep': 97, 'efficiency': 93, 'latency': 72, 'rem_sleep': 95, 'restfulness': 68, 'timing': 43, 'total_sleep': 91}",82,"00d1fabf-7cfc-4495-98ae-3a5f162b2b59"
"2025-05-22","2025-05-22T00:00:00+00:00","{'deep_sleep': 97, 'efficiency': 97, 'latency': 83, 'rem_sleep': 58, 'restfulness': 79, 'timing': 37, 'total_sleep': 85}",79,"365702fa-a1e5-465e-9ffa-b38400eff93e"
"2025-05-23","2025-05-23T00:00:00+00:00","{'deep_sleep': 90, 'efficiency': 60, 'latency': 97, 'rem_sleep': 75, 'restfulness': 51, 'timing': 15, 'total_sleep': 85}",71,"628a7ee1-5971-4fa9-b13f-7d7a94adb08a"
"2025-05-24","2025-05-24T00:00:00+00:00","{'deep_sleep': 96, 'efficiency': 81, 'latency': 83, 'rem_sleep': 84, 'restfulness': 53, 'timing': 27, 'total_sleep': 85}",75,"33468bf8-d8a3-4411-947b-c039c91d1f97"
"2025-05-25","2025-05-25T00:00:00+00:00","{'deep_sleep': 97, 'efficiency': 86, 'latency': 75, 'rem_sleep': 82, 'restfulness': 83, 'timing': 23, 'total_sleep': 77}",76,"b2a9c524-df0e-40af-870a-fa823062f4a0"
"2025-05-26","2025-05-26T00:00:00+00:00","{'deep_sleep': 98, 'efficiency': 83, 'latency': 83, 'rem_sleep': 82, 'restfulness': 58, 'timing': 21, 'total_sleep': 92}",78,"46724530-a47a-441b-a8db-20f63b1ce2bf"
"2025-05-27","2025-05-27T00:00:00+00:00","{'deep_sleep': 97, 'efficiency': 81, 'latency': 78, 'rem_sleep': 71, 'restfulness': 78, 'timing': 34, 'total_sleep': 79}",75,"c1b882c9-c22f-45bb-bb59-dfdd649b5e01"
"2025-05-28","2025-05-28T00:00:00+00:00","{'deep_sleep': 84, 'efficiency': 90, 'latency': 94, 'rem_sleep': 78, 'restfulness': 80, 'timing': 23, 'total_sleep': 73}",74,"182444e1-4f49-4fc7-9494-d9e8a8c398a7"
"2025-05-29","2025-05-29T00:00:00+00:00","{'deep_sleep': 96, 'efficiency': 96, 'latency': 72, 'rem_sleep': 74, 'restfulness': 80, 'timing': 41, 'total_sleep': 79}",78,"8da9de5d-b9d8-4718-8e1f-972fa15fccbd"
"2025-05-30","2025-05-30T00:00:00+00:00","{'deep_sleep': 92, 'efficiency': 93, 'latency': 81, 'rem_sleep': 83, 'restfulness': 73, 'timing': 48, 'total_sleep': 84}",80,"34b976c7-0028-4004-beb8-b4a3d2c8b31a"
"2025-05-31","2025-05-31T00:00:00+00:00","{'deep_sleep': 96, 'efficiency': 97, 'latency': 89, 'rem_sleep': 95, 'restfulness': 76, 'timing': 13, 'total_sleep': 84}",80,"4a2dea1b-463e-4bd8-86ba-e16457e3b3e5"
"2025-06-01","2025-06-01T00:00:00+00:00","{'deep_sleep': 97, 'efficiency': 86, 'latency': 89, 'rem_sleep': 80, 'restfulness': 59, 'timing': 14, 'total_sleep': 81}",74,"15e13771-bcdc-4617-8fa3-397d0dc96b23"
"2025-06-02","2025-06-02T00:00:00+00:00","{'deep_sleep': 96, 'efficiency': 93, 'latency': 78, 'rem_sleep': 86, 'restfulness': 64, 'timing': 21, 'total_sleep': 82}",76,"afd38a3f-b7f1-47dd-b45d-07785fb4b375"
"2025-06-03","2025-06-03T00:00:00+00:00","{'deep_sleep': 96, 'efficiency': 79, 'latency': 94, 'rem_sleep': 55, 'restfulness': 56, 'timing': 28, 'total_sleep': 76}",70,"fe04247a-b20d-402d-87d4-ad4404ea1505"
"2025-06-04","2025-06-04T00:00:00+00:00","{'deep_sleep': 97, 'efficiency': 96, 'latency': 81, 'rem_sleep': 74, 'restfulness': 67, 'timing': 24, 'total_sleep': 81}",76,"a3cebe9e-02a6-42f8-adaf-7a8faf27c614"
"2025-06-05","2025-06-05T00:00:00+00:00","{'deep_sleep': 93, 'efficiency': 86, 'latency': 81, 'rem_sleep': 74, 'restfulness': 72, 'timing': 23, 'total_sleep': 72}",72,"ecb115ba-11c6-491d-9fb1-5f20b10fc12c"
"2025-06-06","2025-06-06T00:00:00+00:00","{'deep_sleep': 98, 'efficiency': 79, 'latency': 83, 'rem_sleep': 77, 'restfulness': 61, 'timing': 35, 'total_sleep': 75}",73,"2eff2308-fd5f-4207-b1bd-fdc625b2afb5"
"2025-06-07","2025-06-07T00:00:00+00:00","{'deep_sleep': 95, 'efficiency': 88, 'latency': 91, 'rem_sleep': 92, 'restfulness': 62, 'timing': 17, 'total_sleep': 82}",76,"5a658f88-c7b2-4ab6-b0a5-99c29f57d904"
"2025-06-08","2025-06-08T00:00:00+00:00","{'deep_sleep': 96, 'efficiency': 95, 'latency': 91, 'rem_sleep': 92, 'restfulness': 85, 'timing': 21, 'total_sleep': 81}",81,"a687f6fc-60a6-450c-95d9-b0a1f5c86f9d"
"2025-06-09","2025-06-09T00:00:00+00:00","{'deep_sleep': 97, 'efficiency': 95, 'latency': 94, 'rem_sleep': 96, 'restfulness': 83, 'timing': 19, 'total_sleep': 87}",83,"1f8a900c-4571-4ab5-a115-e49c1bea8918"
"2025-06-10","2025-06-10T00:00:00+00:00","{'deep_sleep': 94, 'efficiency': 95, 'latency': 89, 'rem_sleep': 95, 'restfulness': 85, 'timing': 32, 'total_sleep': 77}",80,"d40a32b5-dea2-4d8c-9f7f-5d27315c233e"
"2025-06-11","2025-06-11T00:00:00+00:00","{'deep_sleep': 97, 'efficiency': 98, 'latency': 86, 'rem_sleep': 96, 'restfulness': 91, 'timing': 17, 'total_sleep': 87}",83,"47b8b9d4-7eba-484a-b312-840303d476e0"
"2025-06-12","2025-06-12T00:00:00+00:00","{'deep_sleep': 97, 'efficiency': 97, 'latency': 91, 'rem_sleep': 73, 'restfulness': 89, 'timing': 17, 'total_sleep': 94}",84,"f4e0cbe0-48d3-4794-89fe-59552e8abcae"
"2025-06-13","2025-06-13T00:00:00+00:00","{'deep_sleep': 92, 'efficiency': 90, 'latency': 78, 'rem_sleep': 46, 'restfulness': 65, 'timing': 42, 'total_sleep': 67}",68,"8cbc0237-4398-45a9-9e32-20255492ca67"
"2025-06-14","2025-06-14T00:00:00+00:00","{'deep_sleep': 95, 'efficiency': 98, 'latency': 83, 'rem_sleep': 62, 'restfulness': 84, 'timing': 15, 'total_sleep': 67}",71,"f84f5625-b1a0-4dc8-a985-823f5898fff1"
"2025-06-15","2025-06-15T00:00:00+00:00","{'deep_sleep': 96, 'efficiency': 88, 'latency': 75, 'rem_sleep': 70, 'restfulness': 76, 'timing': 32, 'total_sleep': 63}",70,"c8069871-7b82-45be-97bf-9bd952fd7cee"
"2025-06-16","2025-06-16T00:00:00+00:00","{'deep_sleep': 98, 'efficiency': 98, 'latency': 83, 'rem_sleep': 100, 'restfulness': 84, 'timing': 24, 'total_sleep': 94}",86,"d8282c9c-4c80-47a0-993a-f5c8eff78caa"
"2025-06-17","2025-06-17T00:00:00+00:00","{'deep_sleep': 99, 'efficiency': 97, 'latency': 86, 'rem_sleep': 80, 'restfulness': 75, 'timing': 24, 'total_sleep': 75}",76,"69097b24-f248-406e-ac46-94fdbf0e1df8"
"2025-06-18","2025-06-18T00:00:00+00:00","{'deep_sleep': 96, 'efficiency': 98, 'latency': 86, 'rem_sleep': 97, 'restfulness': 76, 'timing': 21, 'total_sleep': 99}",86,"8b8df65e-e3d2-41c9-837d-03087ce9744f"
"2025-06-19","2025-06-19T00:00:00+00:00","{'deep_sleep': 95, 'efficiency': 86, 'latency': 83, 'rem_sleep': 56, 'restfulness': 70, 'timing': 34, 'total_sleep': 76}",73,"93dbe577-4546-45fd-8ce4-d42692f05527"
"2025-06-20","2025-06-20T00:00:00+00:00","{'deep_sleep': 72, 'efficiency': 90, 'latency': 70, 'rem_sleep': 83, 'restfulness': 76, 'timing': 3, 'total_sleep': 62}",65,"bc1d47b8-33c7-4012-bbc6-0f7da3ea426b"
"2025-06-21","2025-06-21T00:00:00+00:00","{'deep_sleep': 98, 'efficiency': 98, 'latency': 78, 'rem_sleep': 92, 'restfulness': 85, 'timing': 17, 'total_sleep': 81}",79,"5a15dbc1-1b0e-439e-b3dc-dbc1b65e5b6a"
"2025-06-22","2025-06-22T00:00:00+00:00","{'deep_sleep': 85, 'efficiency': 98, 'latency': 91, 'rem_sleep': 67, 'restfulness': 86, 'timing': 33, 'total_sleep': 64}",73,"6a694eff-2086-42df-9f35-c89782a801db"
"2025-06-23","2025-06-23T00:00:00+00:00","{'deep_sleep': 97, 'efficiency': 90, 'latency': 83, 'rem_sleep': 73, 'restfulness': 75, 'timing': 24, 'total_sleep': 83}",77,"31463025-ae8b-475b-90f7-a8ac2c92fd59"
"2025-06-24","2025-06-24T00:00:00+00:00","{'deep_sleep': 84, 'efficiency': 90, 'latency': 75, 'rem_sleep': 24, 'restfulness': 74, 'timing': 43, 'total_sleep': 49}",60,"cebaf9bf-107a-4c45-9425-28b45fd9f3cf"
"2025-06-25","2025-06-25T00:00:00+00:00","{'deep_sleep': 97, 'efficiency': 97, 'latency': 94, 'rem_sleep': 98, 'restfulness': 84, 'timing': 21, 'total_sleep': 98}",88,"fe23028a-2a32-46ce-8ff3-f29ecf857e51"
"2025-06-26","2025-06-26T00:00:00+00:00","{'deep_sleep': 99, 'efficiency': 96, 'latency': 94, 'rem_sleep': 86, 'restfulness': 78, 'timing': 22, 'total_sleep': 93}",84,"bd907ab0-6a0e-4dc4-b6bf-c0298a89b510"
"2025-06-27","2025-06-27T00:00:00+00:00","{'deep_sleep': 90, 'efficiency': 88, 'latency': 83, 'rem_sleep': 93, 'restfulness': 84, 'timing': 19, 'total_sleep': 80}",78,"6a3d661f-64ee-440a-9a4c-0637cd29c9bd"
"2025-06-28","2025-06-28T00:00:00+00:00","{'deep_sleep': 83, 'efficiency': 86, 'latency': 97, 'rem_sleep': 67, 'restfulness': 79, 'timing': 20, 'total_sleep': 71}",72,"1a03f949-f5f0-4d83-b515-95fcc8918aa9"
"2025-06-29","2025-06-29T00:00:00+00:00","{'deep_sleep': 41, 'efficiency': 90, 'latency': 64, 'rem_sleep': 42, 'restfulness': 77, 'timing': 61, 'total_sleep': 35}",54,"791a5a03-c7e7-4014-a8bf-e37c04866f32"
"2025-06-30","2025-06-30T00:00:00+00:00","{'deep_sleep': 96, 'efficiency': 72, 'latency': 94, 'rem_sleep': 81, 'restfulness': 56, 'timing': 26, 'total_sleep': 77}",72,"46b89d2a-70d8-4542-8d37-f1bf32dc08c0"
"2025-07-01","2025-07-01T00:00:00+00:00","{'deep_sleep': 97, 'efficiency': 86, 'latency': 94, 'rem_sleep': 80, 'restfulness': 85, 'timing': 19, 'total_sleep': 60}",71,"ae99c887-0c00-41bf-9da9-cb69f51355e5"
"2025-07-02","2025-07-02T00:00:00+00:00","{'deep_sleep': 98, 'efficiency': 93, 'latency': 94, 'rem_sleep': 88, 'restfulness': 75, 'timing': 58, 'total_sleep': 77}",81,"3e219ace-f08b-4740-91b8-451c023cca91"
"2025-07-03","2025-07-03T00:00:00+00:00","{'deep_sleep': 100, 'efficiency': 95, 'latency': 83, 'rem_sleep': 93, 'restfulness': 76, 'timing': 19, 'total_sleep': 95}",84,"c505616d-5dd4-42c4-89a9-43572d09a72f"
"2025-07-04","2025-07-04T00:00:00+00:00","{'deep_sleep': 95, 'efficiency': 88, 'latency': 83, 'rem_sleep': 91, 'restfulness': 86, 'timing': 28, 'total_sleep': 73}",77,"43411569-6be5-4734-a4ba-a23288b8228f"
"2025-07-06","2025-07-06T00:00:00+00:00","{'deep_sleep': 96, 'efficiency': 86, 'latency': 89, 'rem_sleep': 74, 'restfulness': 55, 'timing': 19, 'total_sleep': 80}",73,"7927dd94-f188-4c42-a4cb-2612fd7469a2"
"2025-07-07","2025-07-07T00:00:00+00:00","{'deep_sleep': 78, 'efficiency': 88, 'latency': 86, 'rem_sleep': 50, 'restfulness': 79, 'timing': 35, 'total_sleep': 48}",62,"7eb2a1d3-c9ba-44d4-9346-b899c9205242"
"2025-07-08","2025-07-08T00:00:00+00:00","{'deep_sleep': 97, 'efficiency': 93, 'latency': 62, 'rem_sleep': 97, 'restfulness': 73, 'timing': 26, 'total_sleep': 100}",83,"70d7f4b5-e94c-4f1e-9a8c-3eaaa77fc23c"
"2025-07-09","2025-07-09T00:00:00+00:00","{'deep_sleep': 97, 'efficiency': 60, 'latency': 81, 'rem_sleep': 80, 'restfulness': 61, 'timing': 30, 'total_sleep': 66}",67,"02bb4097-e95f-4d7f-b835-8515c01c1aa1"
"2025-07-10","2025-07-10T00:00:00+00:00","{'deep_sleep': 97, 'efficiency': 95, 'latency': 91, 'rem_sleep': 80, 'restfulness': 70, 'timing': 38, 'total_sleep': 80}",79,"fce1c8d9-bda3-42cc-a9fe-b3162ee04f75"
"2025-07-11","2025-07-11T00:00:00+00:00","{'deep_sleep': 95, 'efficiency': 97, 'latency': 86, 'rem_sleep': 96, 'restfulness': 83, 'timing': 38, 'total_sleep': 77}",81,"036bc2ad-ad31-43c9-a520-79ef6ec0df61"
"2025-07-12","2025-07-12T00:00:00+00:00","{'deep_sleep': 82, 'efficiency': 96, 'latency': 78, 'rem_sleep': 31, 'restfulness': 67, 'timing': 46, 'total_sleep': 47}",60,"9282eac0-9eba-40cd-931c-7b46afbd4852"
"2025-07-13","2025-07-13T00:00:00+00:00","{'deep_sleep': 99, 'efficiency': 79, 'latency': 86, 'rem_sleep': 94, 'restfulness': 67, 'timing': 23, 'total_sleep': 84}",78,"f39899ee-5bde-4946-9760-82da591142e7"
"2025-07-14","2025-07-14T00:00:00+00:00","{'deep_sleep': 96, 'efficiency': 96, 'latency': 97, 'rem_sleep': 96, 'restfulness': 80, 'timing': 22, 'total_sleep': 96}",86,"4baac6f5-a242-409a-a6cc-f7c130813d5f"
"2025-07-15","2025-07-15T00:00:00+00:00","{'deep_sleep': 87, 'efficiency': 90, 'latency': 99, 'rem_sleep': 58, 'restfulness': 81, 'timing': 52, 'total_sleep': 62}",73,"120dfd15-ff5e-4d17-8b8a-09fec2d137df"
"2025-07-16","2025-07-16T00:00:00+00:00","{'deep_sleep': 96, 'efficiency': 96, 'latency': 81, 'rem_sleep': 85, 'restfulness': 79, 'timing': 25, 'total_sleep': 80}",78,"71b49913-2bc9-4627-85a6-e6f617ec9850"
"2025-07-17","2025-07-17T00:00:00+00:00","{'deep_sleep': 97, 'efficiency': 96, 'latency': 81, 'rem_sleep': 88, 'restfulness': 87, 'timing': 20, 'total_sleep': 82}",80,"430e890d-5a93-4957-8a35-7e20937bec6c"
"2025-07-18","2025-07-18T00:00:00+00:00","{'deep_sleep': 71, 'efficiency': 81, 'latency': 97, 'rem_sleep': 80, 'restfulness': 85, 'timing': 13, 'total_sleep': 84}",76,"0b09484a-bb60-4165-b67b-43fce2d88332"
"2025-07-19","2025-07-19T00:00:00+00:00","{'deep_sleep': 100, 'efficiency': 95, 'latency': 89, 'rem_sleep': 93, 'restfulness': 87, 'timing': 25, 'total_sleep': 86}",83,"2c1f7060-8859-465c-bf0f-3ae8d30a1a4c"
"2025-07-20","2025-07-20T00:00:00+00:00","{'deep_sleep': 76, 'efficiency': 81, 'latency': 67, 'rem_sleep': 84, 'restfulness': 62, 'timing': 22, 'total_sleep': 79}",70,"8d0b7ae9-cb2c-48d1-a972-100d11ac68b7"
"2025-07-21","2025-07-21T00:00:00+00:00","{'deep_sleep': 97, 'efficiency': 97, 'latency': 72, 'rem_sleep': 89, 'restfulness': 89, 'timing': 19, 'total_sleep': 81}",79,"0ab630a6-e5b0-47e1-bfbf-806bced83e14"
"2025-07-22","2025-07-22T00:00:00+00:00","{'deep_sleep': 96, 'efficiency': 88, 'latency': 83, 'rem_sleep': 75, 'restfulness': 84, 'timing': 55, 'total_sleep': 63}",74,"d8384514-e63d-47fa-b3cc-e2ec06e8cbaa"
"2025-07-23","2025-07-23T00:00:00+00:00","{'deep_sleep': 97, 'efficiency': 97, 'latency': 83, 'rem_sleep': 88, 'restfulness': 78, 'timing': 33, 'total_sleep': 74}",77,"bd9ba2b2-3b4e-4c89-82d3-ef3b245e3dab"
"2025-07-24","2025-07-24T00:00:00+00:00","{'deep_sleep': 96, 'efficiency': 97, 'latency': 86, 'rem_sleep': 77, 'restfulness': 85, 'timing': 21, 'total_sleep': 74}",76,"b79eab12-4afe-4b42-868a-bfde273988bd"
"2025-07-25","2025-07-25T00:00:00+00:00","{'deep_sleep': 95, 'efficiency': 96, 'latency': 89, 'rem_sleep': 68, 'restfulness': 84, 'timing': 55, 'total_sleep': 74}",79,"9819ad3b-51b5-411f-a723-28491e86f155"
"2025-07-26","2025-07-26T00:00:00+00:00","{'deep_sleep': 97, 'efficiency': 90, 'latency': 81, 'rem_sleep': 89, 'restfulness': 72, 'timing': 42, 'total_sleep': 67}",74,"b2f66306-9be4-4d05-b717-dd21c629661b"
"2025-07-27","2025-07-27T00:00:00+00:00","{'deep_sleep': 95, 'efficiency': 95, 'latency': 86, 'rem_sleep': 83, 'restfulness': 87, 'timing': 44, 'total_sleep': 68}",77,"c6692660-a47b-414c-acf1-b7e86b7b12b2"
"2025-07-28","2025-07-28T00:00:00+00:00","{'deep_sleep': 98, 'efficiency': 95, 'latency': 91, 'rem_sleep': 89, 'restfulness': 81, 'timing': 26, 'total_sleep': 79}",80,"1f683c8d-531a-4a38-ba2c-3cf13ee25013"
"2025-07-29","2025-07-29T00:00:00+00:00","{'deep_sleep': 83, 'efficiency': 95, 'latency': 89, 'rem_sleep': 76, 'restfulness': 67, 'timing': 32, 'total_sleep': 71}",73,"9b97472c-ca59-4d61-bd26-96cb3b5161f8"
"2025-07-30","2025-07-30T00:00:00+00:00","{'deep_sleep': 98, 'efficiency': 96, 'latency': 86, 'rem_sleep': 95, 'restfulness': 80, 'timing': 25, 'total_sleep': 85}",82,"ecff6390-7596-402e-97ee-74b0e1d27322"
"2025-07-31","2025-07-31T00:00:00+00:00","{'deep_sleep': 89, 'efficiency': 95, 'latency': 89, 'rem_sleep': 67, 'restfulness': 87, 'timing': 33, 'total_sleep': 75}",77,"53bbc03f-5cab-4800-9e83-0147eabef79b"
"2025-08-01","2025-08-01T00:00:00+00:00","{'deep_sleep': 96, 'efficiency': 96, 'latency': 91, 'rem_sleep': 94, 'restfulness': 85, 'timing': 29, 'total_sleep': 91}",85,"15fbb5c3-0ad5-480a-895c-6e4b2172adb2"
"2025-08-02","2025-08-02T00:00:00+00:00","{'deep_sleep': 99, 'efficiency': 69, 'latency': 97, 'rem_sleep': 84, 'restfulness': 81, 'timing': 28, 'total_sleep': 72}",75,"156ef467-3c66-42f7-a653-90597eabd9f3"
"2025-08-03","2025-08-03T00:00:00+00:00","{'deep_sleep': 95, 'efficiency': 90, 'latency': 86, 'rem_sleep': 86, 'restfulness': 83, 'timing': 37, 'total_sleep': 71}",77,"3dca02a8-e4e3-412e-8474-06f6abb7b3e5"
"2025-08-04","2025-08-04T00:00:00+00:00","{'deep_sleep': 98, 'efficiency': 90, 'latency': 99, 'rem_sleep': 75, 'restfulness': 83, 'timing': 41, 'total_sleep': 67}",76,"7fcaf4ef-91fc-499c-94fb-5dd7b5adbe1a"
"2025-08-05","2025-08-05T00:00:00+00:00","{'deep_sleep': 95, 'efficiency': 93, 'latency': 91, 'rem_sleep': 78, 'restfulness': 77, 'timing': 46, 'total_sleep': 73}",77,"7ddf96ed-cd91-442d-8d0d-556997f18e5f"
"2025-08-06","2025-08-06T00:00:00+00:00","{'deep_sleep': 98, 'efficiency': 98, 'latency': 78, 'rem_sleep': 88, 'restfulness': 77, 'timing': 30, 'total_sleep': 78}",78,"1e41483d-fdb2-4db7-acf8-c88beefec51b"
"2025-08-07","2025-08-07T00:00:00+00:00","{'deep_sleep': 73, 'efficiency': 90, 'latency': 81, 'rem_sleep': 90, 'restfulness': 81, 'timing': 40, 'total_sleep': 74}",75,"4d178ddc-5b25-40bd-9f61-1d448a7673f6"
"2025-08-08","2025-08-08T00:00:00+00:00","{'deep_sleep': 97, 'efficiency': 97, 'latency': 91, 'rem_sleep': 98, 'restfulness': 78, 'timing': 24, 'total_sleep': 79}",80,"8308134c-5e62-4176-b1f9-0dff4dd46c40"
"2025-08-09","2025-08-09T00:00:00+00:00","{'deep_sleep': 96, 'efficiency': 90, 'latency': 89, 'rem_sleep': 96, 'restfulness': 65, 'timing': 35, 'total_sleep': 80}",78,"698daef9-b439-410e-b0a4-5d0564f0bcde"
"2025-08-14","2025-08-14T00:00:00+00:00","{'deep_sleep': 92, 'efficiency': 98, 'latency': 91, 'rem_sleep': 49, 'restfulness': 74, 'timing': 35, 'total_sleep': 70}",72,"a7971406-3af1-40e2-8fa2-7dc2433243b7"
"2025-08-15","2025-08-15T00:00:00+00:00","{'deep_sleep': 91, 'efficiency': 96, 'latency': 94, 'rem_sleep': 72, 'restfulness': 71, 'timing': 53, 'total_sleep': 56}",71,"812ef161-86bf-4930-aafd-15a55e33b7c7"
"2025-08-16","2025-08-16T00:00:00+00:00","{'deep_sleep': 96, 'efficiency': 99, 'latency': 78, 'rem_sleep': 99, 'restfulness': 78, 'timing': 35, 'total_sleep': 92}",85,"9dcf5d0f-bc72-45b4-b7bb-5028e2d741d4"
"2025-08-17","2025-08-17T00:00:00+00:00","{'deep_sleep': 92, 'efficiency': 95, 'latency': 91, 'rem_sleep': 96, 'restfulness': 84, 'timing': 30, 'total_sleep': 84}",82,"4cc6b9fb-3bef-4105-8b72-7a3184874026"
"2025-08-18","2025-08-18T00:00:00+00:00","{'deep_sleep': 88, 'efficiency': 95, 'latency': 86, 'rem_sleep': 57, 'restfulness': 90, 'timing': 55, 'total_sleep': 57}",72,"58a65e09-c25e-4589-ab11-053bf2ec2068"
"2025-08-19","2025-08-19T00:00:00+00:00","{'deep_sleep': 86, 'efficiency': 98, 'latency': 94, 'rem_sleep': 80, 'restfulness': 85, 'timing': 67, 'total_sleep': 81}",84,"eb829cc7-b182-4884-b638-51707052c397"
"2025-08-20","2025-08-20T00:00:00+00:00","{'deep_sleep': 96, 'efficiency': 98, 'latency': 97, 'rem_sleep': 68, 'restfulness': 82, 'timing': 55, 'total_sleep': 65}",77,"bb139169-1b4e-47b4-b093-1c317d8fe2c0"
"2025-08-21","2025-08-21T00:00:00+00:00","{'deep_sleep': 65, 'efficiency': 97, 'latency': 97, 'rem_sleep': 53, 'restfulness': 80, 'timing': 55, 'total_sleep': 53}",67,"868cc8e7-53db-4c97-b0a5-9e70d84050b8"
