day,timestamp,contributors,score,temperature_deviation,temperature_trend_deviation,id
"2024-12-26","2024-12-26T00:00:00+00:00","{'activity_balance': 81, 'body_temperature': 100, 'hrv_balance': None, 'previous_day_activity': 83, 'previous_night': 49, 'recovery_index': 69, 'resting_heart_rate': 88, 'sleep_balance': None}",73,0.0,"","531ab253-29c8-4067-8e55-6cfa72cb3f6b"
"2024-12-27","2024-12-27T00:00:00+00:00","{'activity_balance': 90, 'body_temperature': 94, 'hrv_balance': None, 'previous_day_activity': 93, 'previous_night': 90, 'recovery_index': 100, 'resting_heart_rate': 88, 'sleep_balance': None}",92,0.2,0.13,"00f90ccf-f6f1-488f-b57c-95c836a2af21"
"2024-12-28","2024-12-28T00:00:00+00:00","{'activity_balance': 78, 'body_temperature': 100, 'hrv_balance': None, 'previous_day_activity': 85, 'previous_night': 73, 'recovery_index': 91, 'resting_heart_rate': 88, 'sleep_balance': None}",83,-0.2,0.0,"9a913757-054e-4a30-ac21-74260f7642eb"
"2024-12-29","2024-12-29T00:00:00+00:00","{'activity_balance': 85, 'body_temperature': 98, 'hrv_balance': None, 'previous_day_activity': 85, 'previous_night': 80, 'recovery_index': 24, 'resting_heart_rate': 98, 'sleep_balance': 72}",76,0.11,0.08,"6969be09-782d-49e4-b219-76efd746cfb4"
"2024-12-30","2024-12-30T00:00:00+00:00","{'activity_balance': 89, 'body_temperature': 100, 'hrv_balance': None, 'previous_day_activity': 91, 'previous_night': 62, 'recovery_index': 56, 'resting_heart_rate': 100, 'sleep_balance': 64}",78,0.05,0.06,"902edd0d-eb54-4f7d-8ef5-85323a367279"
"2024-12-31","2024-12-31T00:00:00+00:00","{'activity_balance': 88, 'body_temperature': 100, 'hrv_balance': None, 'previous_day_activity': 83, 'previous_night': 80, 'recovery_index': 89, 'resting_heart_rate': 100, 'sleep_balance': 77}",86,-0.15,-0.06,"427ff603-d34a-4a4b-b59b-f239e294b69b"
"2025-01-01","2025-01-01T00:00:00+00:00","{'activity_balance': 83, 'body_temperature': 100, 'hrv_balance': 82, 'previous_day_activity': 76, 'previous_night': 64, 'recovery_index': 36, 'resting_heart_rate': 80, 'sleep_balance': 70}",72,-0.1,0.05,"e9713c43-5a56-4dcb-9afc-c34401f85b5e"
"2025-01-02","2025-01-02T00:00:00+00:00","{'activity_balance': 84, 'body_temperature': 90, 'hrv_balance': 89, 'previous_day_activity': 84, 'previous_night': 85, 'recovery_index': 53, 'resting_heart_rate': 87, 'sleep_balance': 82}",82,0.18,0.1,"527afcb4-2ad4-4313-a1b6-08b8ccca453e"
"2025-01-03","2025-01-03T00:00:00+00:00","{'activity_balance': 94, 'body_temperature': 100, 'hrv_balance': 87, 'previous_day_activity': 90, 'previous_night': 75, 'recovery_index': 79, 'resting_heart_rate': 87, 'sleep_balance': 71}",83,-0.04,-0.04,"8bd21bd3-b064-492b-8d87-4274aabb17f3"
"2025-01-04","2025-01-04T00:00:00+00:00","{'activity_balance': 90, 'body_temperature': 82, 'hrv_balance': 86, 'previous_day_activity': 91, 'previous_night': 74, 'recovery_index': 86, 'resting_heart_rate': 79, 'sleep_balance': 74}",82,0.28,0.12,"dd9e8f68-0d35-489c-ab29-b182fda4369d"
"2025-01-05","2025-01-05T00:00:00+00:00","{'activity_balance': None, 'body_temperature': 54, 'hrv_balance': 87, 'previous_day_activity': None, 'previous_night': 72, 'recovery_index': 63, 'resting_heart_rate': 72, 'sleep_balance': 82}",69,0.62,0.34,"bafb200c-ef04-4e16-8668-e32d1bfc9e0b"
"2025-01-06","2025-01-06T00:00:00+00:00","{'activity_balance': None, 'body_temperature': 86, 'hrv_balance': 85, 'previous_day_activity': None, 'previous_night': 56, 'recovery_index': 100, 'resting_heart_rate': 7, 'sleep_balance': 78}",62,0.24,0.18,"5449f8bd-ae23-47a4-956e-e357740e8779"
"2025-01-07","2025-01-07T00:00:00+00:00","{'activity_balance': None, 'body_temperature': 95, 'hrv_balance': 88, 'previous_day_activity': None, 'previous_night': 78, 'recovery_index': 100, 'resting_heart_rate': 94, 'sleep_balance': 83}",82,0.12,0.35,"4d694efa-8678-4f84-9cd3-fb464e5d1ed2"
"2025-01-08","2025-01-08T00:00:00+00:00","{'activity_balance': None, 'body_temperature': 100, 'hrv_balance': 86, 'previous_day_activity': None, 'previous_night': 52, 'recovery_index': 1, 'resting_heart_rate': 58, 'sleep_balance': 71}",65,0.04,0.36,"5562f1c3-a298-4d68-be83-b15d5cfd49ff"
"2025-01-09","2025-01-09T00:00:00+00:00","{'activity_balance': 90, 'body_temperature': 94, 'hrv_balance': 87, 'previous_day_activity': 75, 'previous_night': 79, 'recovery_index': 41, 'resting_heart_rate': 96, 'sleep_balance': 82}",80,0.13,0.22,"ec4d858e-f3a1-4df4-b226-e9a591a93a0c"
"2025-01-10","2025-01-10T00:00:00+00:00","{'activity_balance': 90, 'body_temperature': 100, 'hrv_balance': 87, 'previous_day_activity': 72, 'previous_night': 60, 'recovery_index': 100, 'resting_heart_rate': 70, 'sleep_balance': 72}",77,-0.03,0.1,"4aebf4a9-7f12-4380-85c6-05b131199a84"
"2025-01-11","2025-01-11T00:00:00+00:00","{'activity_balance': 89, 'body_temperature': 100, 'hrv_balance': 86, 'previous_day_activity': 72, 'previous_night': 54, 'recovery_index': 50, 'resting_heart_rate': 89, 'sleep_balance': 72}",74,0.01,0.08,"dad39848-e187-480d-9a0e-a8b0e020f3da"
"2025-01-12","2025-01-12T00:00:00+00:00","{'activity_balance': 84, 'body_temperature': 100, 'hrv_balance': 88, 'previous_day_activity': 87, 'previous_night': 77, 'recovery_index': 8, 'resting_heart_rate': 100, 'sleep_balance': 73}",77,-0.08,0.04,"dc6a95ea-d7f3-42ec-89f0-ea0ce2ce57fe"
"2025-01-13","2025-01-13T00:00:00+00:00","{'activity_balance': 82, 'body_temperature': 99, 'hrv_balance': 90, 'previous_day_activity': 86, 'previous_night': 73, 'recovery_index': 21, 'resting_heart_rate': 100, 'sleep_balance': 68}",77,-0.17,-0.02,"fac72d9b-7101-4052-b1a9-0ab5c12f2814"
"2025-01-14","2025-01-14T00:00:00+00:00","{'activity_balance': 70, 'body_temperature': 96, 'hrv_balance': 88, 'previous_day_activity': 70, 'previous_night': 74, 'recovery_index': 36, 'resting_heart_rate': 93, 'sleep_balance': 70}",75,-0.27,-0.06,"a97821ef-38a1-4e71-9161-2b992102fa3f"
"2025-01-15","2025-01-15T00:00:00+00:00","{'activity_balance': 78, 'body_temperature': 97, 'hrv_balance': 91, 'previous_day_activity': 78, 'previous_night': 80, 'recovery_index': 1, 'resting_heart_rate': 84, 'sleep_balance': 71}",73,-0.23,-0.09,"666ce5f0-9b9e-4e18-abce-53358b891196"
"2025-01-16","2025-01-16T00:00:00+00:00","{'activity_balance': 60, 'body_temperature': 93, 'hrv_balance': 91, 'previous_day_activity': 67, 'previous_night': 80, 'recovery_index': 31, 'resting_heart_rate': 99, 'sleep_balance': 71}",75,-0.35,-0.19,"43ec8a0d-be99-4f4b-b5ab-4a38c9d9a12f"
"2025-01-17","2025-01-17T00:00:00+00:00","{'activity_balance': 61, 'body_temperature': 95, 'hrv_balance': 90, 'previous_day_activity': 71, 'previous_night': 79, 'recovery_index': 25, 'resting_heart_rate': 90, 'sleep_balance': 73}",74,-0.29,-0.18,"b39016e5-9424-4702-add6-14dbae7add03"
"2025-01-18","2025-01-18T00:00:00+00:00","{'activity_balance': 62, 'body_temperature': 95, 'hrv_balance': 90, 'previous_day_activity': 82, 'previous_night': 90, 'recovery_index': 21, 'resting_heart_rate': 100, 'sleep_balance': 76}",79,-0.3,-0.19,"4ebe6f21-1ff5-4c6a-8324-e54416cc131d"
"2025-01-19","2025-01-19T00:00:00+00:00","{'activity_balance': 49, 'body_temperature': 95, 'hrv_balance': 92, 'previous_day_activity': 78, 'previous_night': 75, 'recovery_index': 20, 'resting_heart_rate': 82, 'sleep_balance': 73}",72,-0.29,-0.23,"3152f74c-d333-4db1-aacc-a70865328721"
"2025-01-20","2025-01-20T00:00:00+00:00","{'activity_balance': 64, 'body_temperature': 91, 'hrv_balance': 91, 'previous_day_activity': 82, 'previous_night': 82, 'recovery_index': 91, 'resting_heart_rate': 87, 'sleep_balance': 76}",83,-0.43,-0.26,"5698889e-1084-43c6-b1a3-0a454d96b177"
"2025-01-21","2025-01-21T00:00:00+00:00","{'activity_balance': 51, 'body_temperature': 99, 'hrv_balance': 90, 'previous_day_activity': 78, 'previous_night': 73, 'recovery_index': 24, 'resting_heart_rate': 97, 'sleep_balance': 77}",75,-0.18,-0.17,"1e73adfe-0d10-4732-8545-52be9eb24488"
"2025-01-22","2025-01-22T00:00:00+00:00","{'activity_balance': 70, 'body_temperature': 94, 'hrv_balance': 91, 'previous_day_activity': 75, 'previous_night': 75, 'recovery_index': 76, 'resting_heart_rate': 100, 'sleep_balance': 73}",82,-0.34,-0.25,"a8a9e1ae-3c67-45b5-9ada-08e375dfe129"
"2025-01-23","2025-01-23T00:00:00+00:00","{'activity_balance': 59, 'body_temperature': 93, 'hrv_balance': 92, 'previous_day_activity': 71, 'previous_night': 65, 'recovery_index': 60, 'resting_heart_rate': 98, 'sleep_balance': 75}",78,-0.35,-0.27,"602dca87-3751-43a1-bdb9-70a0d28d6f94"
"2025-01-24","2025-01-24T00:00:00+00:00","{'activity_balance': 75, 'body_temperature': 94, 'hrv_balance': 89, 'previous_day_activity': 81, 'previous_night': 85, 'recovery_index': 31, 'resting_heart_rate': 94, 'sleep_balance': 77}",80,-0.31,-0.19,"d0c80306-1ae2-4af1-b7de-052105020fdc"
"2025-01-25","2025-01-25T00:00:00+00:00","{'activity_balance': 65, 'body_temperature': 97, 'hrv_balance': 91, 'previous_day_activity': 76, 'previous_night': 92, 'recovery_index': 82, 'resting_heart_rate': 100, 'sleep_balance': 78}",85,-0.24,-0.23,"761b4281-aa86-4962-ac0b-3e9c60175d62"
"2025-01-26","2025-01-26T00:00:00+00:00","{'activity_balance': 77, 'body_temperature': 92, 'hrv_balance': 88, 'previous_day_activity': 88, 'previous_night': 78, 'recovery_index': 19, 'resting_heart_rate': 100, 'sleep_balance': 75}",78,-0.4,-0.27,"62a630c4-d8a9-4e06-9ef1-517a6d812dbb"
"2025-01-27","2025-01-27T00:00:00+00:00","{'activity_balance': 76, 'body_temperature': 91, 'hrv_balance': 89, 'previous_day_activity': 84, 'previous_night': 66, 'recovery_index': 35, 'resting_heart_rate': 96, 'sleep_balance': 77}",78,-0.4,-0.25,"e496a933-e6df-4170-be72-4e2510508776"
"2025-01-28","2025-01-28T00:00:00+00:00","{'activity_balance': 78, 'body_temperature': 96, 'hrv_balance': 86, 'previous_day_activity': 86, 'previous_night': 77, 'recovery_index': 53, 'resting_heart_rate': 100, 'sleep_balance': 80}",82,-0.27,-0.2,"5e9df510-2081-4d0b-9961-d3cd82948c3e"
"2025-01-29","2025-01-29T00:00:00+00:00","{'activity_balance': 89, 'body_temperature': 95, 'hrv_balance': 86, 'previous_day_activity': 79, 'previous_night': 90, 'recovery_index': 33, 'resting_heart_rate': 100, 'sleep_balance': 81}",83,-0.31,-0.28,"916e6bb7-5b3e-4877-a378-aa1df33b7c5a"
"2025-01-30","2025-01-30T00:00:00+00:00","{'activity_balance': 81, 'body_temperature': 91, 'hrv_balance': 86, 'previous_day_activity': 76, 'previous_night': 83, 'recovery_index': 8, 'resting_heart_rate': 98, 'sleep_balance': 79}",77,-0.43,-0.3,"b099bdf3-06a2-41a7-b9b0-6dcff25708b6"
"2025-01-31","2025-01-31T00:00:00+00:00","{'activity_balance': 90, 'body_temperature': 93, 'hrv_balance': 84, 'previous_day_activity': 76, 'previous_night': 92, 'recovery_index': 42, 'resting_heart_rate': 100, 'sleep_balance': 80}",83,-0.36,-0.24,"cc081433-58b9-4ceb-b55b-52b50736c847"
"2025-02-01","2025-02-01T00:00:00+00:00","{'activity_balance': 89, 'body_temperature': 93, 'hrv_balance': 85, 'previous_day_activity': 75, 'previous_night': 83, 'recovery_index': 90, 'resting_heart_rate': 94, 'sleep_balance': 83}",86,-0.36,-0.27,"e56fbd6b-d4cf-4174-8c25-ef278a985f84"
"2025-02-02","2025-02-02T00:00:00+00:00","{'activity_balance': 85, 'body_temperature': 90, 'hrv_balance': 84, 'previous_day_activity': 81, 'previous_night': 85, 'recovery_index': 80, 'resting_heart_rate': 100, 'sleep_balance': 83}",86,-0.47,-0.33,"089877e2-4329-4183-bb9d-a81ab521919e"
"2025-02-03","2025-02-03T00:00:00+00:00","{'activity_balance': 90, 'body_temperature': 92, 'hrv_balance': 86, 'previous_day_activity': 83, 'previous_night': 79, 'recovery_index': 1, 'resting_heart_rate': 100, 'sleep_balance': 83}",78,-0.39,-0.28,"6773193c-6c3d-4610-bcbd-f16623e0ffe5"
"2025-02-04","2025-02-04T00:00:00+00:00","{'activity_balance': 88, 'body_temperature': 92, 'hrv_balance': 86, 'previous_day_activity': 81, 'previous_night': 83, 'recovery_index': 79, 'resting_heart_rate': 100, 'sleep_balance': 86}",87,-0.4,-0.31,"02ab6c3f-9dff-4640-94d4-2041e6e455c5"
"2025-02-05","2025-02-05T00:00:00+00:00","{'activity_balance': 95, 'body_temperature': 97, 'hrv_balance': 88, 'previous_day_activity': 84, 'previous_night': 79, 'recovery_index': 100, 'resting_heart_rate': 96, 'sleep_balance': 84}",89,-0.25,-0.28,"8a4249ef-b379-40f5-bc9c-5ce343bab15a"
"2025-02-06","2025-02-06T00:00:00+00:00","{'activity_balance': 91, 'body_temperature': 93, 'hrv_balance': 89, 'previous_day_activity': 80, 'previous_night': 72, 'recovery_index': 75, 'resting_heart_rate': 100, 'sleep_balance': 82}",85,-0.36,-0.29,"a3479fdf-cc63-485d-abc0-ff0c236ec4e6"
"2025-02-07","2025-02-07T00:00:00+00:00","{'activity_balance': 88, 'body_temperature': 97, 'hrv_balance': 88, 'previous_day_activity': 74, 'previous_night': 74, 'recovery_index': 49, 'resting_heart_rate': 93, 'sleep_balance': 84}",81,-0.25,-0.23,"8988e12a-5a9a-45b3-9332-5338ac510d46"
"2025-02-08","2025-02-08T00:00:00+00:00","{'activity_balance': 95, 'body_temperature': 99, 'hrv_balance': 91, 'previous_day_activity': 81, 'previous_night': 72, 'recovery_index': 35, 'resting_heart_rate': 100, 'sleep_balance': 79}",81,-0.19,-0.16,"d2e547c6-9cc6-42c7-b73d-0ff0a5ba7ffe"
"2025-02-09","2025-02-09T00:00:00+00:00","{'activity_balance': 77, 'body_temperature': 89, 'hrv_balance': 87, 'previous_day_activity': 65, 'previous_night': 81, 'recovery_index': 100, 'resting_heart_rate': 93, 'sleep_balance': 82}",85,-0.49,-0.3,"978c6f92-7e26-45b6-a8b6-6b76fa6e48ca"
"2025-02-10","2025-02-10T00:00:00+00:00","{'activity_balance': 93, 'body_temperature': 97, 'hrv_balance': 89, 'previous_day_activity': 75, 'previous_night': 60, 'recovery_index': 87, 'resting_heart_rate': 100, 'sleep_balance': 76}",83,-0.24,-0.15,"94ffd53f-d8a0-49da-85be-661a1fe1cbea"
"2025-02-11","2025-02-11T00:00:00+00:00","{'activity_balance': 79, 'body_temperature': 100, 'hrv_balance': 87, 'previous_day_activity': 84, 'previous_night': 76, 'recovery_index': 59, 'resting_heart_rate': 100, 'sleep_balance': 79}",82,0.01,-0.1,"8576274e-69e0-4a80-8e43-b5e0d186707a"
"2025-02-12","2025-02-12T00:00:00+00:00","{'activity_balance': 81, 'body_temperature': 97, 'hrv_balance': 88, 'previous_day_activity': 74, 'previous_night': 76, 'recovery_index': 34, 'resting_heart_rate': 100, 'sleep_balance': 76}",79,-0.23,-0.25,"0f9268da-5d69-48f3-9d9a-eadc001b2a86"
"2025-02-13","2025-02-13T00:00:00+00:00","{'activity_balance': 87, 'body_temperature': 95, 'hrv_balance': 86, 'previous_day_activity': 80, 'previous_night': 81, 'recovery_index': 73, 'resting_heart_rate': 100, 'sleep_balance': 75}",84,-0.3,-0.14,"110665cc-52e5-4bb0-a2b2-b2d2a08790df"
"2025-02-14","2025-02-14T00:00:00+00:00","{'activity_balance': 87, 'body_temperature': 98, 'hrv_balance': 86, 'previous_day_activity': 82, 'previous_night': 83, 'recovery_index': 27, 'resting_heart_rate': 90, 'sleep_balance': 74}",79,-0.22,-0.05,"0557f2c8-72f7-41de-b2e2-65edf809ba94"
"2025-02-15","2025-02-15T00:00:00+00:00","{'activity_balance': 77, 'body_temperature': 99, 'hrv_balance': 87, 'previous_day_activity': 75, 'previous_night': 75, 'recovery_index': 1, 'resting_heart_rate': 100, 'sleep_balance': 75}",75,-0.18,-0.15,"93d4059e-4620-4675-b6fb-14143b5fa505"
"2025-02-16","2025-02-16T00:00:00+00:00","{'activity_balance': 84, 'body_temperature': 96, 'hrv_balance': 86, 'previous_day_activity': 77, 'previous_night': 83, 'recovery_index': 27, 'resting_heart_rate': 98, 'sleep_balance': 75}",79,-0.27,-0.19,"4c61dde4-3f5f-4496-9c74-1534fcabc7ce"
"2025-02-17","2025-02-17T00:00:00+00:00","{'activity_balance': 83, 'body_temperature': 97, 'hrv_balance': 88, 'previous_day_activity': 80, 'previous_night': 73, 'recovery_index': 66, 'resting_heart_rate': 96, 'sleep_balance': 75}",82,-0.24,-0.14,"71be07b1-f521-4f4c-9bde-b873d11cfd0a"
"2025-02-18","2025-02-18T00:00:00+00:00","{'activity_balance': 76, 'body_temperature': 96, 'hrv_balance': 85, 'previous_day_activity': 82, 'previous_night': 91, 'recovery_index': 100, 'resting_heart_rate': 100, 'sleep_balance': 81}",88,-0.27,-0.16,"9696e995-c9b0-4e42-8dd6-e48b0d5d44fa"
"2025-02-19","2025-02-19T00:00:00+00:00","{'activity_balance': 73, 'body_temperature': 94, 'hrv_balance': 88, 'previous_day_activity': 72, 'previous_night': 69, 'recovery_index': 58, 'resting_heart_rate': 86, 'sleep_balance': 77}",78,-0.31,-0.2,"7a8444db-af96-4db8-b526-b37fe9dfc612"
"2025-02-20","2025-02-20T00:00:00+00:00","{'activity_balance': 73, 'body_temperature': 97, 'hrv_balance': 88, 'previous_day_activity': 77, 'previous_night': 77, 'recovery_index': 64, 'resting_heart_rate': 100, 'sleep_balance': 81}",83,-0.23,-0.16,"0334ac70-8af3-49b2-8088-9aa017490436"
"2025-02-21","2025-02-21T00:00:00+00:00","{'activity_balance': 80, 'body_temperature': 99, 'hrv_balance': 88, 'previous_day_activity': None, 'previous_night': 75, 'recovery_index': 89, 'resting_heart_rate': 100, 'sleep_balance': 83}",87,-0.17,-0.17,"51036fb8-e559-4de7-9fb7-d65cee561112"
"2025-02-22","2025-02-22T00:00:00+00:00","{'activity_balance': 75, 'body_temperature': 90, 'hrv_balance': 88, 'previous_day_activity': 84, 'previous_night': 81, 'recovery_index': 100, 'resting_heart_rate': 100, 'sleep_balance': 84}",88,-0.45,-0.28,"465051ab-924e-4f8e-9c21-145d62d5a91e"
"2025-02-23","2025-02-23T00:00:00+00:00","{'activity_balance': 82, 'body_temperature': 100, 'hrv_balance': 89, 'previous_day_activity': 90, 'previous_night': 91, 'recovery_index': 90, 'resting_heart_rate': 100, 'sleep_balance': 87}",90,-0.1,-0.1,"2fb767ca-1fdb-4219-a43c-ee2f6bb3b27c"
"2025-02-24","2025-02-24T00:00:00+00:00","{'activity_balance': 70, 'body_temperature': 100, 'hrv_balance': 90, 'previous_day_activity': 75, 'previous_night': 81, 'recovery_index': 12, 'resting_heart_rate': 100, 'sleep_balance': 83}",78,-0.13,-0.14,"da6d5f1d-34b4-4194-ab7e-d7448a7c59e5"
"2025-02-25","2025-02-25T00:00:00+00:00","{'activity_balance': 87, 'body_temperature': 94, 'hrv_balance': 88, 'previous_day_activity': 80, 'previous_night': 77, 'recovery_index': 100, 'resting_heart_rate': 94, 'sleep_balance': 88}",88,-0.34,-0.27,"1e6b2cf4-191b-4a0f-94db-467ce4834aba"
"2025-02-26","2025-02-26T00:00:00+00:00","{'activity_balance': 79, 'body_temperature': 95, 'hrv_balance': 91, 'previous_day_activity': 84, 'previous_night': 68, 'recovery_index': 63, 'resting_heart_rate': 93, 'sleep_balance': 84}",82,-0.29,-0.12,"8be5f109-af08-4ad9-8a92-f70d3cf89fcf"
"2025-02-27","2025-02-27T00:00:00+00:00","{'activity_balance': 75, 'body_temperature': 98, 'hrv_balance': 87, 'previous_day_activity': 76, 'previous_night': 79, 'recovery_index': 92, 'resting_heart_rate': 93, 'sleep_balance': 88}",85,-0.21,-0.15,"813b9fa6-b6c8-4b74-88d2-2468e96b9ea1"
"2025-02-28","2025-02-28T00:00:00+00:00","{'activity_balance': 78, 'body_temperature': 97, 'hrv_balance': 89, 'previous_day_activity': 72, 'previous_night': 70, 'recovery_index': 57, 'resting_heart_rate': 100, 'sleep_balance': 81}",81,-0.25,-0.24,"c6fb7bcf-4e1f-493f-aa0a-5d91449b0707"
"2025-03-01","2025-03-01T00:00:00+00:00","{'activity_balance': 85, 'body_temperature': 100, 'hrv_balance': 86, 'previous_day_activity': 80, 'previous_night': 81, 'recovery_index': 61, 'resting_heart_rate': 100, 'sleep_balance': 86}",85,-0.09,-0.14,"6445c5d1-26ac-4086-af0c-f19060d1be75"
"2025-03-02","2025-03-02T00:00:00+00:00","{'activity_balance': 80, 'body_temperature': 96, 'hrv_balance': 86, 'previous_day_activity': 80, 'previous_night': 83, 'recovery_index': 100, 'resting_heart_rate': 100, 'sleep_balance': 82}",88,-0.28,-0.2,"95aed1d8-e569-4f28-99fb-abf28c0aef82"
"2025-03-03","2025-03-03T00:00:00+00:00","{'activity_balance': 86, 'body_temperature': 95, 'hrv_balance': 88, 'previous_day_activity': 83, 'previous_night': 81, 'recovery_index': 100, 'resting_heart_rate': 94, 'sleep_balance': 83}",88,-0.29,-0.19,"9e43d453-107f-4fb4-9abe-d5d5a29bc9d8"
"2025-03-04","2025-03-04T00:00:00+00:00","{'activity_balance': 79, 'body_temperature': 99, 'hrv_balance': 85, 'previous_day_activity': 81, 'previous_night': 68, 'recovery_index': 98, 'resting_heart_rate': 92, 'sleep_balance': 80}",84,-0.17,-0.12,"e1227f48-9fc1-4c5b-9e53-15f5faa03c21"
"2025-03-05","2025-03-05T00:00:00+00:00","{'activity_balance': 96, 'body_temperature': 100, 'hrv_balance': 86, 'previous_day_activity': 81, 'previous_night': 87, 'recovery_index': 57, 'resting_heart_rate': 99, 'sleep_balance': 86}",86,-0.05,-0.15,"089a9e8e-841c-4b7f-88d2-a02f3516ea7d"
"2025-03-06","2025-03-06T00:00:00+00:00","{'activity_balance': 87, 'body_temperature': 100, 'hrv_balance': 85, 'previous_day_activity': 81, 'previous_night': 61, 'recovery_index': 5, 'resting_heart_rate': 100, 'sleep_balance': 77}",75,0.05,-0.08,"eeb5af32-6f09-4723-a6ae-57a57c1a8cf0"
"2025-03-07","2025-03-07T00:00:00+00:00","{'activity_balance': 93, 'body_temperature': 96, 'hrv_balance': 86, 'previous_day_activity': 82, 'previous_night': 89, 'recovery_index': 73, 'resting_heart_rate': 99, 'sleep_balance': 85}",88,-0.27,-0.14,"3df472be-d889-4a19-b667-382612746aed"
"2025-03-08","2025-03-08T00:00:00+00:00","{'activity_balance': 94, 'body_temperature': 98, 'hrv_balance': 85, 'previous_day_activity': 78, 'previous_night': 67, 'recovery_index': 84, 'resting_heart_rate': 90, 'sleep_balance': 78}",83,-0.2,-0.04,"4d85a9f0-5874-4b08-89bf-f2d460eee2bf"
"2025-03-09","2025-03-09T00:00:00+00:00","{'activity_balance': 96, 'body_temperature': 96, 'hrv_balance': 86, 'previous_day_activity': 88, 'previous_night': 52, 'recovery_index': 78, 'resting_heart_rate': 90, 'sleep_balance': 77}",80,-0.26,-0.09,"352ff779-18dc-44c7-9cc2-29277120dc0f"
"2025-03-10","2025-03-10T00:00:00+00:00","{'activity_balance': 100, 'body_temperature': 100, 'hrv_balance': 81, 'previous_day_activity': 87, 'previous_night': 69, 'recovery_index': 80, 'resting_heart_rate': 90, 'sleep_balance': 80}",83,-0.07,-0.13,"9a389458-50bd-4cb9-ac4c-957af3e11db5"
"2025-03-11","2025-03-11T00:00:00+00:00","{'activity_balance': 96, 'body_temperature': 100, 'hrv_balance': 85, 'previous_day_activity': 79, 'previous_night': 81, 'recovery_index': 100, 'resting_heart_rate': 90, 'sleep_balance': 76}",86,-0.02,-0.1,"6b75a13d-dd99-4631-b919-350196872313"
"2025-03-12","2025-03-12T00:00:00+00:00","{'activity_balance': 99, 'body_temperature': 100, 'hrv_balance': 82, 'previous_day_activity': 81, 'previous_night': 85, 'recovery_index': 100, 'resting_heart_rate': 90, 'sleep_balance': 80}",87,-0.03,-0.09,"7abddf3d-3fe8-4bb4-af77-2a9de4753072"
"2025-03-13","2025-03-13T00:00:00+00:00","{'activity_balance': 98, 'body_temperature': 100, 'hrv_balance': 85, 'previous_day_activity': 85, 'previous_night': 87, 'recovery_index': 75, 'resting_heart_rate': 99, 'sleep_balance': 78}",87,-0.12,-0.03,"48265a7b-9efb-4730-ba18-426e2d6c87a1"
"2025-03-14","2025-03-14T00:00:00+00:00","{'activity_balance': 94, 'body_temperature': 100, 'hrv_balance': 81, 'previous_day_activity': 69, 'previous_night': 48, 'recovery_index': 81, 'resting_heart_rate': 99, 'sleep_balance': 72}",78,-0.15,-0.02,"44668f9b-cdf9-4e49-a798-31cd3b2d28b7"
"2025-03-15","2025-03-15T00:00:00+00:00","{'activity_balance': 100, 'body_temperature': 100, 'hrv_balance': 85, 'previous_day_activity': 72, 'previous_night': 92, 'recovery_index': 89, 'resting_heart_rate': 99, 'sleep_balance': 89}",89,0.0,0.0,"ae432472-f5f3-4d2f-9fc7-efb4c60aea3a"
"2025-03-17","2025-03-17T00:00:00+00:00","{'activity_balance': 84, 'body_temperature': 96, 'hrv_balance': 87, 'previous_day_activity': 61, 'previous_night': 54, 'recovery_index': 80, 'resting_heart_rate': 100, 'sleep_balance': 80}",79,-0.26,-0.11,"76ee4d99-33f8-4c3b-8b22-78bf1349b332"
"2025-03-18","2025-03-18T00:00:00+00:00","{'activity_balance': 85, 'body_temperature': 97, 'hrv_balance': 86, 'previous_day_activity': 85, 'previous_night': 69, 'recovery_index': 100, 'resting_heart_rate': 100, 'sleep_balance': 80}",86,-0.23,-0.06,"455ffcf3-23ff-4d49-b0c7-d0139ec3ff6f"
"2025-03-19","2025-03-19T00:00:00+00:00","{'activity_balance': 74, 'body_temperature': 98, 'hrv_balance': 87, 'previous_day_activity': 71, 'previous_night': 83, 'recovery_index': 58, 'resting_heart_rate': 100, 'sleep_balance': 81}",81,-0.22,-0.16,"3c0f12e9-ec75-436b-bbe3-86535c470968"
"2025-03-20","2025-03-20T00:00:00+00:00","{'activity_balance': 73, 'body_temperature': 100, 'hrv_balance': 86, 'previous_day_activity': 79, 'previous_night': 80, 'recovery_index': 48, 'resting_heart_rate': 95, 'sleep_balance': 79}",80,-0.1,-0.15,"50c232e4-19da-4f78-925c-b27b6e5f8a01"
"2025-03-21","2025-03-21T00:00:00+00:00","{'activity_balance': 69, 'body_temperature': 100, 'hrv_balance': 86, 'previous_day_activity': 74, 'previous_night': 66, 'recovery_index': 76, 'resting_heart_rate': 100, 'sleep_balance': 81}",81,-0.15,-0.15,"85e8468b-bacc-4fcc-8e21-d2a2a17ed878"
"2025-03-22","2025-03-22T00:00:00+00:00","{'activity_balance': 70, 'body_temperature': 100, 'hrv_balance': 85, 'previous_day_activity': 74, 'previous_night': 16, 'recovery_index': 100, 'resting_heart_rate': 76, 'sleep_balance': 76}",71,-0.11,-0.11,"736f46f5-0bfe-48d7-a1ab-74588213cbcd"
"2025-03-23","2025-03-23T00:00:00+00:00","{'activity_balance': 65, 'body_temperature': 100, 'hrv_balance': 85, 'previous_day_activity': 79, 'previous_night': 37, 'recovery_index': 61, 'resting_heart_rate': 85, 'sleep_balance': 71}",71,-0.16,-0.1,"ecf4b2af-2b3a-4108-b0da-11e5a221267d"
"2025-03-24","2025-03-24T00:00:00+00:00","{'activity_balance': 76, 'body_temperature': 99, 'hrv_balance': 78, 'previous_day_activity': 91, 'previous_night': 66, 'recovery_index': 37, 'resting_heart_rate': 100, 'sleep_balance': 72}",76,-0.17,-0.12,"746ce90b-4912-41bf-9ad6-114499b63818"
"2025-03-25","2025-03-25T00:00:00+00:00","{'activity_balance': 70, 'body_temperature': 99, 'hrv_balance': 83, 'previous_day_activity': 76, 'previous_night': 75, 'recovery_index': 90, 'resting_heart_rate': 100, 'sleep_balance': 67}",81,-0.17,-0.11,"c876ffcf-757f-45a4-8c8c-11650f0dc96b"
"2025-03-26","2025-03-26T00:00:00+00:00","{'activity_balance': 78, 'body_temperature': 100, 'hrv_balance': 84, 'previous_day_activity': 81, 'previous_night': 59, 'recovery_index': 5, 'resting_heart_rate': 99, 'sleep_balance': 61}",70,-0.13,-0.12,"a101384f-76c3-4aca-aae1-c3099ed50411"
"2025-03-27","2025-03-27T00:00:00+00:00","{'activity_balance': 76, 'body_temperature': 100, 'hrv_balance': 78, 'previous_day_activity': 68, 'previous_night': 49, 'recovery_index': 58, 'resting_heart_rate': 92, 'sleep_balance': 59}",71,0.03,-0.06,"670a8f72-ec46-4f35-a60b-02dd922d1ae5"
"2025-03-28","2025-03-28T00:00:00+00:00","{'activity_balance': 85, 'body_temperature': 100, 'hrv_balance': 81, 'previous_day_activity': 80, 'previous_night': 66, 'recovery_index': 29, 'resting_heart_rate': 99, 'sleep_balance': 63}",74,0.07,-0.03,"db1d9253-3e77-4ad1-8760-e6c8e54f4091"
"2025-03-29","2025-03-29T00:00:00+00:00","{'activity_balance': 80, 'body_temperature': 97, 'hrv_balance': 84, 'previous_day_activity': 75, 'previous_night': 73, 'recovery_index': 93, 'resting_heart_rate': 100, 'sleep_balance': 61}",81,-0.23,-0.1,"7dd785d9-4e53-4b44-8379-f3708467684a"
"2025-03-30","2025-03-30T00:00:00+00:00","{'activity_balance': 85, 'body_temperature': 99, 'hrv_balance': 81, 'previous_day_activity': 80, 'previous_night': 92, 'recovery_index': 100, 'resting_heart_rate': 91, 'sleep_balance': 70}",85,-0.18,-0.01,"cf6775a9-9fc1-453b-90bb-1a00b12f8e91"
"2025-03-31","2025-03-31T00:00:00+00:00","{'activity_balance': 89, 'body_temperature': 99, 'hrv_balance': 81, 'previous_day_activity': 94, 'previous_night': 54, 'recovery_index': 94, 'resting_heart_rate': 100, 'sleep_balance': 59}",80,-0.17,-0.05,"2e176370-ab22-4161-85a1-28db56a87b72"
"2025-04-02","2025-04-02T00:00:00+00:00","{'activity_balance': 92, 'body_temperature': 100, 'hrv_balance': 86, 'previous_day_activity': 72, 'previous_night': 80, 'recovery_index': 80, 'resting_heart_rate': 100, 'sleep_balance': 73}",84,-0.07,-0.1,"9f728507-54aa-477b-8870-2da32f1b676d"
"2025-04-03","2025-04-03T00:00:00+00:00","{'activity_balance': 90, 'body_temperature': 98, 'hrv_balance': 82, 'previous_day_activity': 81, 'previous_night': 54, 'recovery_index': 96, 'resting_heart_rate': 81, 'sleep_balance': 68}",78,-0.2,-0.14,"71087b00-88b1-4fef-9b4c-98f77a05f908"
"2025-04-04","2025-04-04T00:00:00+00:00","{'activity_balance': 90, 'body_temperature': 99, 'hrv_balance': 87, 'previous_day_activity': 73, 'previous_night': 40, 'recovery_index': 87, 'resting_heart_rate': 81, 'sleep_balance': 65}",75,-0.19,-0.09,"da634266-d345-4f6f-9843-2461ab1932c7"
"2025-04-05","2025-04-05T00:00:00+00:00","{'activity_balance': 85, 'body_temperature': 100, 'hrv_balance': 86, 'previous_day_activity': 71, 'previous_night': 52, 'recovery_index': 80, 'resting_heart_rate': 90, 'sleep_balance': 70}",77,-0.15,-0.1,"47ac9aa6-1019-49bb-8873-eb440227d226"
"2025-04-06","2025-04-06T00:00:00+00:00","{'activity_balance': 93, 'body_temperature': 100, 'hrv_balance': 87, 'previous_day_activity': 88, 'previous_night': 73, 'recovery_index': 100, 'resting_heart_rate': 90, 'sleep_balance': 67}",84,-0.14,-0.14,"aa583022-8e96-4c07-b83d-10fcffad4c7e"
"2025-04-07","2025-04-07T00:00:00+00:00","{'activity_balance': 80, 'body_temperature': 100, 'hrv_balance': 84, 'previous_day_activity': 76, 'previous_night': 54, 'recovery_index': 43, 'resting_heart_rate': 81, 'sleep_balance': 56}",70,-0.12,-0.11,"a290c31d-b978-4469-a235-e7c4f5e248bc"
"2025-04-08","2025-04-08T00:00:00+00:00","{'activity_balance': 77, 'body_temperature': 77, 'hrv_balance': 83, 'previous_day_activity': 69, 'previous_night': 73, 'recovery_index': 100, 'resting_heart_rate': 90, 'sleep_balance': 70}",81,0.34,0.08,"f27c14c5-3feb-4eff-9951-4254c368d26e"
"2025-04-09","2025-04-09T00:00:00+00:00","{'activity_balance': 80, 'body_temperature': 70, 'hrv_balance': 86, 'previous_day_activity': 82, 'previous_night': 78, 'recovery_index': 68, 'resting_heart_rate': 81, 'sleep_balance': 63}",76,0.43,0.12,"a9a414ed-79fd-4898-8f38-bf33f35adfa1"
"2025-04-10","2025-04-10T00:00:00+00:00","{'activity_balance': None, 'body_temperature': 81, 'hrv_balance': 78, 'previous_day_activity': None, 'previous_night': 100, 'recovery_index': 42, 'resting_heart_rate': 99, 'sleep_balance': 78}",81,0.49,0.26,"438a9f5d-780a-4c5c-838b-3ae168dfe431"
"2025-04-11","2025-04-11T00:00:00+00:00","{'activity_balance': None, 'body_temperature': 89, 'hrv_balance': 75, 'previous_day_activity': None, 'previous_night': 58, 'recovery_index': 4, 'resting_heart_rate': 96, 'sleep_balance': 66}",69,0.4,0.42,"2a4a0c03-c9fc-4e10-84c9-210ba4bc4da9"
"2025-04-12","2025-04-12T00:00:00+00:00","{'activity_balance': 77, 'body_temperature': 85, 'hrv_balance': 75, 'previous_day_activity': 80, 'previous_night': 85, 'recovery_index': 14, 'resting_heart_rate': 100, 'sleep_balance': 79}",76,0.45,0.49,"dd0cf6a1-33af-475b-a39a-f5147d85db5c"
"2025-04-13","2025-04-13T00:00:00+00:00","{'activity_balance': 85, 'body_temperature': 99, 'hrv_balance': 71, 'previous_day_activity': 78, 'previous_night': 41, 'recovery_index': 77, 'resting_heart_rate': 61, 'sleep_balance': 70}",69,0.28,0.44,"d8564733-0ebd-417d-a26a-0f5992055b72"
"2025-04-14","2025-04-14T00:00:00+00:00","{'activity_balance': 88, 'body_temperature': 92, 'hrv_balance': 76, 'previous_day_activity': 87, 'previous_night': 58, 'recovery_index': 100, 'resting_heart_rate': 80, 'sleep_balance': 76}",79,0.37,0.45,"6dcc33f1-3e6a-4580-b14f-4c08f55fc2da"
"2025-04-15","2025-04-15T00:00:00+00:00","{'activity_balance': 84, 'body_temperature': 84, 'hrv_balance': 77, 'previous_day_activity': 82, 'previous_night': 83, 'recovery_index': 100, 'resting_heart_rate': 71, 'sleep_balance': 73}",80,0.46,0.48,"87385a39-d520-4ddd-865d-21390b5b7117"
"2025-04-16","2025-04-16T00:00:00+00:00","{'activity_balance': 85, 'body_temperature': 94, 'hrv_balance': 79, 'previous_day_activity': 75, 'previous_night': 58, 'recovery_index': 38, 'resting_heart_rate': 98, 'sleep_balance': 63}",73,0.34,0.39,"8e4940f8-1aea-4f5c-a0f5-08179715c493"
"2025-04-17","2025-04-17T00:00:00+00:00","{'activity_balance': 80, 'body_temperature': 97, 'hrv_balance': 79, 'previous_day_activity': 71, 'previous_night': 58, 'recovery_index': 83, 'resting_heart_rate': 62, 'sleep_balance': 64}",71,0.3,0.43,"a1071770-1f12-4e78-9272-67ccfc4a4011"
"2025-04-18","2025-04-18T00:00:00+00:00","{'activity_balance': 84, 'body_temperature': 84, 'hrv_balance': 86, 'previous_day_activity': 77, 'previous_night': 93, 'recovery_index': 100, 'resting_heart_rate': 90, 'sleep_balance': 68}",85,0.46,0.51,"cee3c3a3-527c-47b9-9279-52e9bec6cb0f"
"2025-04-19","2025-04-19T00:00:00+00:00","{'activity_balance': 82, 'body_temperature': 90, 'hrv_balance': 86, 'previous_day_activity': 87, 'previous_night': 60, 'recovery_index': 29, 'resting_heart_rate': 81, 'sleep_balance': 59}",71,0.4,0.43,"b6d1c9c5-d5df-4be2-9322-9fe60d21d272"
"2025-04-20","2025-04-20T00:00:00+00:00","{'activity_balance': 79, 'body_temperature': 100, 'hrv_balance': 89, 'previous_day_activity': 87, 'previous_night': 70, 'recovery_index': 100, 'resting_heart_rate': 90, 'sleep_balance': 71}",83,0.23,0.39,"8d54d7bd-afa2-4396-a2b9-52a0e3cb93d4"
"2025-04-22","2025-04-22T00:00:00+00:00","{'activity_balance': 82, 'body_temperature': 83, 'hrv_balance': 89, 'previous_day_activity': 73, 'previous_night': 63, 'recovery_index': 100, 'resting_heart_rate': 90, 'sleep_balance': 72}",81,0.28,0.41,"23dec690-3b63-4338-a963-f6b6240164f6"
"2025-04-23","2025-04-23T00:00:00+00:00","{'activity_balance': 83, 'body_temperature': 69, 'hrv_balance': 88, 'previous_day_activity': 84, 'previous_night': 75, 'recovery_index': 56, 'resting_heart_rate': 99, 'sleep_balance': 76}",80,0.44,0.46,"51087cef-6256-44aa-9c7f-932837f8fdea"
"2025-04-24","2025-04-24T00:00:00+00:00","{'activity_balance': 82, 'body_temperature': 78, 'hrv_balance': 90, 'previous_day_activity': 82, 'previous_night': 75, 'recovery_index': 90, 'resting_heart_rate': 90, 'sleep_balance': 77}",84,0.34,0.48,"dbecedbe-2b1b-413c-b02e-40d9caff0f51"
"2025-04-25","2025-04-25T00:00:00+00:00","{'activity_balance': 89, 'body_temperature': 80, 'hrv_balance': 87, 'previous_day_activity': 87, 'previous_night': 53, 'recovery_index': 86, 'resting_heart_rate': 81, 'sleep_balance': 68}",78,0.31,0.42,"b1f566c2-74b5-4f4a-abdf-b943f0aef87f"
"2025-04-26","2025-04-26T00:00:00+00:00","{'activity_balance': 85, 'body_temperature': 79, 'hrv_balance': 91, 'previous_day_activity': 80, 'previous_night': 70, 'recovery_index': 81, 'resting_heart_rate': 90, 'sleep_balance': 83}",83,0.33,0.48,"5db6cd6c-4421-464a-ba6e-ea98f5cd3c1e"
"2025-04-27","2025-04-27T00:00:00+00:00","{'activity_balance': 85, 'body_temperature': 79, 'hrv_balance': 88, 'previous_day_activity': 77, 'previous_night': 40, 'recovery_index': 49, 'resting_heart_rate': 90, 'sleep_balance': 69}",73,0.32,0.44,"b19f54d6-eea8-4e68-9e0f-b4af24cfcbac"
"2025-04-28","2025-04-28T00:00:00+00:00","{'activity_balance': 93, 'body_temperature': 80, 'hrv_balance': 83, 'previous_day_activity': 87, 'previous_night': 53, 'recovery_index': 8, 'resting_heart_rate': 99, 'sleep_balance': 72}",73,0.31,0.43,"6ea74386-353c-4123-a2df-e78033955293"
"2025-04-29","2025-04-29T00:00:00+00:00","{'activity_balance': 82, 'body_temperature': 94, 'hrv_balance': 86, 'previous_day_activity': 69, 'previous_night': 70, 'recovery_index': 40, 'resting_heart_rate': 100, 'sleep_balance': 76}",77,0.14,0.37,"95552d96-ce9e-423f-b418-05e7d641b1f6"
"2025-04-30","2025-04-30T00:00:00+00:00","{'activity_balance': 80, 'body_temperature': 92, 'hrv_balance': 86, 'previous_day_activity': 81, 'previous_night': 63, 'recovery_index': 69, 'resting_heart_rate': 98, 'sleep_balance': 70}",79,0.17,0.38,"49c173d5-45b2-42c9-b023-719a97ebbf8c"
"2025-05-01","2025-05-01T00:00:00+00:00","{'activity_balance': 84, 'body_temperature': 95, 'hrv_balance': 85, 'previous_day_activity': 86, 'previous_night': 70, 'recovery_index': 100, 'resting_heart_rate': 98, 'sleep_balance': 78}",85,-0.31,0.15,"23cd5f8e-f514-48fa-9755-7238f7b4c5c2"
"2025-05-02","2025-05-02T00:00:00+00:00","{'activity_balance': 82, 'body_temperature': 100, 'hrv_balance': 86, 'previous_day_activity': 92, 'previous_night': 100, 'recovery_index': 100, 'resting_heart_rate': 100, 'sleep_balance': 87}",92,-0.04,0.19,"0ebf5c18-16a6-4b24-ac46-cf2c0d62bb71"
"2025-05-04","2025-05-04T00:00:00+00:00","{'activity_balance': 71, 'body_temperature': 98, 'hrv_balance': 88, 'previous_day_activity': 67, 'previous_night': 82, 'recovery_index': 84, 'resting_heart_rate': 96, 'sleep_balance': 92}",85,-0.21,-0.09,"db43000c-46e2-4e49-8ba9-bb4275e686a4"
"2025-05-05","2025-05-05T00:00:00+00:00","{'activity_balance': 73, 'body_temperature': 99, 'hrv_balance': 87, 'previous_day_activity': 80, 'previous_night': 77, 'recovery_index': 100, 'resting_heart_rate': 100, 'sleep_balance': 95}",88,-0.16,0.04,"ac5b7a8f-292f-475d-9c8d-9a845b9785b8"
"2025-05-06","2025-05-06T00:00:00+00:00","{'activity_balance': 65, 'body_temperature': 92, 'hrv_balance': 84, 'previous_day_activity': 74, 'previous_night': 77, 'recovery_index': 100, 'resting_heart_rate': 86, 'sleep_balance': 94}",84,0.15,0.22,"ae525f6a-4181-41b8-9668-6ccd56c0efb1"
"2025-05-07","2025-05-07T00:00:00+00:00","{'activity_balance': 64, 'body_temperature': 87, 'hrv_balance': 86, 'previous_day_activity': 81, 'previous_night': 73, 'recovery_index': 99, 'resting_heart_rate': 42, 'sleep_balance': 95}",77,0.22,0.09,"64872b44-8789-4a48-a52d-7d41a0ecbdc4"
"2025-05-08","2025-05-08T00:00:00+00:00","{'activity_balance': 58, 'body_temperature': 100, 'hrv_balance': 84, 'previous_day_activity': 76, 'previous_night': 90, 'recovery_index': 35, 'resting_heart_rate': 96, 'sleep_balance': 100}",81,0.19,0.16,"9c7b9588-74e9-4e64-bc87-744a3ecf888c"
"2025-05-09","2025-05-09T00:00:00+00:00","{'activity_balance': 66, 'body_temperature': 100, 'hrv_balance': 76, 'previous_day_activity': 88, 'previous_night': 82, 'recovery_index': 28, 'resting_heart_rate': 96, 'sleep_balance': 92}",79,0.14,0.28,"166420f1-cf9f-46b2-9537-05d7c9f40d3d"
"2025-05-10","2025-05-10T00:00:00+00:00","{'activity_balance': 53, 'body_temperature': 100, 'hrv_balance': 79, 'previous_day_activity': 76, 'previous_night': 75, 'recovery_index': 100, 'resting_heart_rate': 88, 'sleep_balance': 98}",83,0.2,0.33,"e2f89055-c0b2-4c17-896c-801f56453c9a"
"2025-05-11","2025-05-11T00:00:00+00:00","{'activity_balance': 63, 'body_temperature': 100, 'hrv_balance': 72, 'previous_day_activity': 81, 'previous_night': 73, 'recovery_index': 76, 'resting_heart_rate': 79, 'sleep_balance': 93}",78,0.07,0.26,"c0979a34-c958-46e2-8c71-bfc4863dce09"
"2025-05-12","2025-05-12T00:00:00+00:00","{'activity_balance': 64, 'body_temperature': 100, 'hrv_balance': 73, 'previous_day_activity': 84, 'previous_night': 45, 'recovery_index': 21, 'resting_heart_rate': 70, 'sleep_balance': 91}",68,0.15,0.28,"bee0ec7d-2fa2-46a4-ad04-ac67b56e81f1"
"2025-05-13","2025-05-13T00:00:00+00:00","{'activity_balance': 65, 'body_temperature': 100, 'hrv_balance': 66, 'previous_day_activity': 85, 'previous_night': 85, 'recovery_index': 100, 'resting_heart_rate': 89, 'sleep_balance': 91}",84,0.21,0.3,"206c49ff-86c5-4e55-bd90-eb2c82164d51"
"2025-05-14","2025-05-14T00:00:00+00:00","{'activity_balance': 72, 'body_temperature': 93, 'hrv_balance': 73, 'previous_day_activity': 91, 'previous_night': 63, 'recovery_index': 36, 'resting_heart_rate': 100, 'sleep_balance': 86}",77,0.15,0.25,"8b2506be-f6c9-4fac-9957-92786a56d976"
"2025-05-15","2025-05-15T00:00:00+00:00","{'activity_balance': 68, 'body_temperature': 84, 'hrv_balance': 70, 'previous_day_activity': 85, 'previous_night': 63, 'recovery_index': 86, 'resting_heart_rate': 96, 'sleep_balance': 85}",80,0.26,0.33,"3aedf2e1-a635-4ee1-a919-09c3e23a8b9b"
"2025-05-16","2025-05-16T00:00:00+00:00","{'activity_balance': 78, 'body_temperature': 91, 'hrv_balance': 71, 'previous_day_activity': 86, 'previous_night': 80, 'recovery_index': 16, 'resting_heart_rate': 100, 'sleep_balance': 87}",78,0.37,0.4,"a35164ac-09c9-47d9-8576-7c860e0fd70d"
"2025-05-17","2025-05-17T00:00:00+00:00","{'activity_balance': 75, 'body_temperature': 100, 'hrv_balance': 69, 'previous_day_activity': 77, 'previous_night': 40, 'recovery_index': 75, 'resting_heart_rate': 86, 'sleep_balance': 72}",72,0.18,0.32,"9eeb2449-63f0-4fe0-9ed1-2c6a007837a4"
"2025-05-18","2025-05-18T00:00:00+00:00","{'activity_balance': 85, 'body_temperature': 88, 'hrv_balance': 76, 'previous_day_activity': 87, 'previous_night': 78, 'recovery_index': 99, 'resting_heart_rate': 86, 'sleep_balance': 86}",85,0.2,0.4,"a14b0a54-e0cc-4659-a55b-7c670c03aafb"
"2025-05-19","2025-05-19T00:00:00+00:00","{'activity_balance': 75, 'body_temperature': 93, 'hrv_balance': 79, 'previous_day_activity': 81, 'previous_night': 58, 'recovery_index': 94, 'resting_heart_rate': 86, 'sleep_balance': 77}",79,0.15,0.39,"97b85909-7d74-451e-9dd0-2d383b359129"
"2025-05-20","2025-05-20T00:00:00+00:00","{'activity_balance': 81, 'body_temperature': 100, 'hrv_balance': 75, 'previous_day_activity': 72, 'previous_night': 48, 'recovery_index': 57, 'resting_heart_rate': 86, 'sleep_balance': 66}",71,-0.03,0.25,"46f9166e-26f4-46f5-a516-bfded2b313a9"
"2025-05-21","2025-05-21T00:00:00+00:00","{'activity_balance': 79, 'body_temperature': 90, 'hrv_balance': 85, 'previous_day_activity': 84, 'previous_night': 90, 'recovery_index': 64, 'resting_heart_rate': 86, 'sleep_balance': 86}",84,0.19,0.33,"d047550b-73f3-45bf-bb52-835e97980e11"
"2025-05-22","2025-05-22T00:00:00+00:00","{'activity_balance': 75, 'body_temperature': 80, 'hrv_balance': 74, 'previous_day_activity': 80, 'previous_night': 83, 'recovery_index': 79, 'resting_heart_rate': 78, 'sleep_balance': 74}",79,0.31,0.32,"92191320-9fc4-457b-90e6-e219673877a2"
"2025-05-23","2025-05-23T00:00:00+00:00","{'activity_balance': 74, 'body_temperature': 92, 'hrv_balance': 84, 'previous_day_activity': 81, 'previous_night': 63, 'recovery_index': 100, 'resting_heart_rate': 78, 'sleep_balance': 81}",80,0.16,0.23,"367bb13f-ce89-4375-ad62-e868b0054d97"
"2025-05-24","2025-05-24T00:00:00+00:00","{'activity_balance': 76, 'body_temperature': 93, 'hrv_balance': 76, 'previous_day_activity': 92, 'previous_night': 73, 'recovery_index': 25, 'resting_heart_rate': 100, 'sleep_balance': 84}",78,0.15,0.34,"83d759ef-5189-4696-bf87-95b24ea2407a"
"2025-05-25","2025-05-25T00:00:00+00:00","{'activity_balance': 76, 'body_temperature': 97, 'hrv_balance': 80, 'previous_day_activity': 84, 'previous_night': 75, 'recovery_index': 55, 'resting_heart_rate': 95, 'sleep_balance': 84}",80,0.1,0.33,"7e585ded-4b22-4675-a1b8-4286acd265b6"
"2025-05-26","2025-05-26T00:00:00+00:00","{'activity_balance': 76, 'body_temperature': 100, 'hrv_balance': 86, 'previous_day_activity': 93, 'previous_night': 80, 'recovery_index': 100, 'resting_heart_rate': 100, 'sleep_balance': 94}",90,-0.13,0.19,"5efd55fd-0bd9-4ed6-b25c-3d0dcc68c594"
"2025-05-27","2025-05-27T00:00:00+00:00","{'activity_balance': 76, 'body_temperature': 90, 'hrv_balance': 84, 'previous_day_activity': 87, 'previous_night': 73, 'recovery_index': 100, 'resting_heart_rate': 98, 'sleep_balance': 88}",87,-0.44,0.04,"1038c3d0-1771-4984-9685-369a52b08707"
"2025-05-28","2025-05-28T00:00:00+00:00","{'activity_balance': 74, 'body_temperature': 100, 'hrv_balance': 87, 'previous_day_activity': 79, 'previous_night': 70, 'recovery_index': 93, 'resting_heart_rate': 100, 'sleep_balance': 91}",86,-0.09,0.11,"e5f2c603-2c92-4fe7-be8e-a234074813cf"
"2025-05-29","2025-05-29T00:00:00+00:00","{'activity_balance': 84, 'body_temperature': 100, 'hrv_balance': 89, 'previous_day_activity': 95, 'previous_night': 80, 'recovery_index': 31, 'resting_heart_rate': 100, 'sleep_balance': 93}",84,-0.11,-0.05,"d85b49af-bfa1-4daf-b41b-e427f6e34a64"
"2025-05-30","2025-05-30T00:00:00+00:00","{'activity_balance': 76, 'body_temperature': 95, 'hrv_balance': 90, 'previous_day_activity': 88, 'previous_night': 85, 'recovery_index': 70, 'resting_heart_rate': 100, 'sleep_balance': 92}",87,-0.31,-0.18,"4cbeadc9-662f-4412-9792-6ec72cbbcfeb"
"2025-05-31","2025-05-31T00:00:00+00:00","{'activity_balance': 81, 'body_temperature': 98, 'hrv_balance': 91, 'previous_day_activity': 85, 'previous_night': 85, 'recovery_index': 70, 'resting_heart_rate': 100, 'sleep_balance': 91}",87,-0.22,-0.02,"d72bba09-5c4d-4a17-bfc1-c3a66135e2fa"
"2025-06-01","2025-06-01T00:00:00+00:00","{'activity_balance': 79, 'body_temperature': 95, 'hrv_balance': 94, 'previous_day_activity': 90, 'previous_night': 70, 'recovery_index': 100, 'resting_heart_rate': 100, 'sleep_balance': 91}",89,-0.31,-0.1,"2ac49781-3cd1-4dc1-a86c-5fe25c2e0f43"
"2025-06-02","2025-06-02T00:00:00+00:00","{'activity_balance': 83, 'body_temperature': 96, 'hrv_balance': 93, 'previous_day_activity': 85, 'previous_night': 75, 'recovery_index': 39, 'resting_heart_rate': 100, 'sleep_balance': 93}",84,-0.26,-0.15,"0774eb87-1d9c-498c-a5fe-2955b85d8cb9"
"2025-06-03","2025-06-03T00:00:00+00:00","{'activity_balance': 81, 'body_temperature': 99, 'hrv_balance': 94, 'previous_day_activity': 82, 'previous_night': 60, 'recovery_index': 24, 'resting_heart_rate': 99, 'sleep_balance': 90}",79,-0.18,-0.1,"b0927576-26f0-491a-a3ed-c65e44983006"
"2025-06-04","2025-06-04T00:00:00+00:00","{'activity_balance': 83, 'body_temperature': 100, 'hrv_balance': 91, 'previous_day_activity': 77, 'previous_night': 75, 'recovery_index': 86, 'resting_heart_rate': 99, 'sleep_balance': 93}",87,-0.12,-0.11,"847fdc03-3174-4c7a-8da3-654d51542406"
"2025-06-05","2025-06-05T00:00:00+00:00","{'activity_balance': 76, 'body_temperature': 99, 'hrv_balance': 94, 'previous_day_activity': 67, 'previous_night': 65, 'recovery_index': 61, 'resting_heart_rate': 90, 'sleep_balance': 87}",80,-0.16,-0.09,"495737d3-095c-434e-9cac-9fd6f2123a5d"
"2025-06-06","2025-06-06T00:00:00+00:00","{'activity_balance': 83, 'body_temperature': 96, 'hrv_balance': 92, 'previous_day_activity': 84, 'previous_night': 68, 'recovery_index': 75, 'resting_heart_rate': 100, 'sleep_balance': 89}",86,-0.26,-0.09,"35961f31-84e4-4896-b85b-7ea7445fcd55"
"2025-06-07","2025-06-07T00:00:00+00:00","{'activity_balance': 79, 'body_temperature': 95, 'hrv_balance': 91, 'previous_day_activity': 82, 'previous_night': 75, 'recovery_index': 52, 'resting_heart_rate': 100, 'sleep_balance': 88}",83,-0.29,-0.09,"c6e4a747-0218-4eb3-904b-37086948ab87"
"2025-06-08","2025-06-08T00:00:00+00:00","{'activity_balance': 82, 'body_temperature': 99, 'hrv_balance': 92, 'previous_day_activity': 79, 'previous_night': 88, 'recovery_index': 20, 'resting_heart_rate': 97, 'sleep_balance': 85}",82,-0.19,-0.09,"93cd0cd5-3871-472b-8d20-0b5e9bcd7f63"
"2025-06-09","2025-06-09T00:00:00+00:00","{'activity_balance': 74, 'body_temperature': 94, 'hrv_balance': 92, 'previous_day_activity': 67, 'previous_night': 93, 'recovery_index': 96, 'resting_heart_rate': 95, 'sleep_balance': 89}",88,-0.34,-0.2,"bef28962-6194-4c28-bfbc-e2049adf40f6"
"2025-06-10","2025-06-10T00:00:00+00:00","{'activity_balance': 79, 'body_temperature': 99, 'hrv_balance': 90, 'previous_day_activity': 82, 'previous_night': 85, 'recovery_index': 52, 'resting_heart_rate': 95, 'sleep_balance': 85}",84,-0.18,-0.13,"6d8e9370-db8e-4808-8a8b-6fa746722274"
"2025-06-11","2025-06-11T00:00:00+00:00","{'activity_balance': 81, 'body_temperature': 100, 'hrv_balance': 89, 'previous_day_activity': 84, 'previous_night': 92, 'recovery_index': 17, 'resting_heart_rate': 86, 'sleep_balance': 93}",81,-0.03,-0.06,"9a2702f4-d306-44ee-afb7-f19d56166c0a"
"2025-06-12","2025-06-12T00:00:00+00:00","{'activity_balance': 73, 'body_temperature': 94, 'hrv_balance': 89, 'previous_day_activity': 85, 'previous_night': 94, 'recovery_index': 36, 'resting_heart_rate': 86, 'sleep_balance': 93}",83,-0.32,-0.21,"386ec86b-83f2-4c9a-ab26-b2f0c64408e7"
"2025-06-13","2025-06-13T00:00:00+00:00","{'activity_balance': 78, 'body_temperature': 100, 'hrv_balance': 86, 'previous_day_activity': 90, 'previous_night': 54, 'recovery_index': 100, 'resting_heart_rate': 86, 'sleep_balance': 85}",83,0.01,0.01,"6309e814-abf7-48f6-8ad4-83ea3b18b69c"
"2025-06-14","2025-06-14T00:00:00+00:00","{'activity_balance': 73, 'body_temperature': 95, 'hrv_balance': 86, 'previous_day_activity': 80, 'previous_night': 62, 'recovery_index': 30, 'resting_heart_rate': 95, 'sleep_balance': 91}",77,-0.29,-0.1,"a63f3e1a-b5f1-4ba3-a464-3fbe55323825"
"2025-06-15","2025-06-15T00:00:00+00:00","{'activity_balance': 76, 'body_temperature': 96, 'hrv_balance': 85, 'previous_day_activity': 86, 'previous_night': 60, 'recovery_index': 84, 'resting_heart_rate': 78, 'sleep_balance': 83}",79,-0.25,-0.14,"d0baaace-8ccb-4fed-bedb-9812c75381ad"
"2025-06-16","2025-06-16T00:00:00+00:00","{'activity_balance': 82, 'body_temperature': 98, 'hrv_balance': 76, 'previous_day_activity': 96, 'previous_night': 100, 'recovery_index': 100, 'resting_heart_rate': 86, 'sleep_balance': 91}",90,-0.2,-0.05,"eda096da-ea76-4c0d-956f-8351e3fd9505"
"2025-06-17","2025-06-17T00:00:00+00:00","{'activity_balance': 77, 'body_temperature': 100, 'hrv_balance': 77, 'previous_day_activity': 85, 'previous_night': 74, 'recovery_index': 100, 'resting_heart_rate': 95, 'sleep_balance': 76}",83,-0.13,-0.13,"ceda6d73-2a9c-4647-bd9c-97638e100d6a"
"2025-06-18","2025-06-18T00:00:00+00:00","{'activity_balance': 85, 'body_temperature': 99, 'hrv_balance': 75, 'previous_day_activity': 71, 'previous_night': 100, 'recovery_index': 100, 'resting_heart_rate': 86, 'sleep_balance': 93}",88,-0.16,-0.13,"d1e3a943-e3a3-4ced-9828-06c805624f61"
"2025-06-19","2025-06-19T00:00:00+00:00","{'activity_balance': 88, 'body_temperature': 100, 'hrv_balance': 71, 'previous_day_activity': 97, 'previous_night': 67, 'recovery_index': 100, 'resting_heart_rate': 78, 'sleep_balance': 82}",82,0.03,-0.02,"6cf0ad2a-c84f-4d25-96cf-b41dd0410db0"
"2025-06-20","2025-06-20T00:00:00+00:00","{'activity_balance': 85, 'body_temperature': 91, 'hrv_balance': 75, 'previous_day_activity': 81, 'previous_night': 48, 'recovery_index': 67, 'resting_heart_rate': 60, 'sleep_balance': 85}",72,-0.42,-0.18,"4491b2ce-e81a-4e51-bde9-467fb001b6b8"
"2025-06-21","2025-06-21T00:00:00+00:00","{'activity_balance': 94, 'body_temperature': 96, 'hrv_balance': 73, 'previous_day_activity': 81, 'previous_night': 83, 'recovery_index': 32, 'resting_heart_rate': 52, 'sleep_balance': 92}",74,-0.27,-0.1,"8084bfd8-de00-4033-9c53-e0c2475eca66"
"2025-06-22","2025-06-22T00:00:00+00:00","{'activity_balance': 93, 'body_temperature': 100, 'hrv_balance': 69, 'previous_day_activity': 87, 'previous_night': 68, 'recovery_index': 77, 'resting_heart_rate': 89, 'sleep_balance': 78}",80,-0.14,-0.07,"ab0d1e87-e558-4028-a1fe-af5858293f5b"
"2025-06-23","2025-06-23T00:00:00+00:00","{'activity_balance': 92, 'body_temperature': 100, 'hrv_balance': 77, 'previous_day_activity': 77, 'previous_night': 78, 'recovery_index': 88, 'resting_heart_rate': 98, 'sleep_balance': 87}",85,-0.05,-0.19,"35196fe1-33a8-477a-9c31-062de2686b8e"
"2025-06-24","2025-06-24T00:00:00+00:00","{'activity_balance': 98, 'body_temperature': 99, 'hrv_balance': 73, 'previous_day_activity': 90, 'previous_night': 35, 'recovery_index': 57, 'resting_heart_rate': 80, 'sleep_balance': 66}",71,-0.16,-0.15,"29fceb7e-2a9b-48d6-8996-8b752c141e37"
"2025-06-25","2025-06-25T00:00:00+00:00","{'activity_balance': 87, 'body_temperature': 100, 'hrv_balance': 79, 'previous_day_activity': 75, 'previous_night': 100, 'recovery_index': 96, 'resting_heart_rate': 89, 'sleep_balance': 90}",88,-0.07,-0.04,"0763eff3-c8b1-4d10-85ea-3717a059c393"
"2025-06-26","2025-06-26T00:00:00+00:00","{'activity_balance': 99, 'body_temperature': 100, 'hrv_balance': 75, 'previous_day_activity': 88, 'previous_night': 94, 'recovery_index': 86, 'resting_heart_rate': 89, 'sleep_balance': 75}",86,-0.05,-0.03,"a90f517d-943c-4950-be6f-a16344897760"
"2025-06-27","2025-06-27T00:00:00+00:00","{'activity_balance': 85, 'body_temperature': 100, 'hrv_balance': 76, 'previous_day_activity': 79, 'previous_night': 79, 'recovery_index': 100, 'resting_heart_rate': 89, 'sleep_balance': 80}",84,-0.02,-0.04,"29408fff-fdeb-428a-9532-a9c9c8d16b13"
"2025-06-28","2025-06-28T00:00:00+00:00","{'activity_balance': 92, 'body_temperature': 96, 'hrv_balance': 80, 'previous_day_activity': 85, 'previous_night': 64, 'recovery_index': 39, 'resting_heart_rate': 89, 'sleep_balance': 84}",78,-0.28,-0.1,"03355fdd-ddbb-4225-a8a2-b5bc0c600310"
"2025-06-29","2025-06-29T00:00:00+00:00","{'activity_balance': 85, 'body_temperature': 97, 'hrv_balance': 70, 'previous_day_activity': 86, 'previous_night': 20, 'recovery_index': 72, 'resting_heart_rate': 71, 'sleep_balance': 70}",67,-0.23,-0.07,"5561ff4e-5fd7-4960-9fb7-cb4137cd8f9c"
"2025-06-30","2025-06-30T00:00:00+00:00","{'activity_balance': 87, 'body_temperature': 97, 'hrv_balance': 75, 'previous_day_activity': None, 'previous_night': 65, 'recovery_index': 100, 'resting_heart_rate': 98, 'sleep_balance': 85}",84,-0.23,-0.12,"a3226fc3-8752-4dcc-80c7-7a2f17587974"
"2025-07-01","2025-07-01T00:00:00+00:00","{'activity_balance': 88, 'body_temperature': 100, 'hrv_balance': 68, 'previous_day_activity': 90, 'previous_night': 63, 'recovery_index': 73, 'resting_heart_rate': 89, 'sleep_balance': 60}",76,-0.06,-0.14,"eb23b817-57c3-48b2-b8fa-e16d88ec0d93"
"2025-07-02","2025-07-02T00:00:00+00:00","{'activity_balance': 85, 'body_temperature': 100, 'hrv_balance': 70, 'previous_day_activity': 92, 'previous_night': 88, 'recovery_index': 100, 'resting_heart_rate': 100, 'sleep_balance': 69}",85,-0.05,-0.13,"28e2076a-6969-4b7a-ae2c-cb7cb5ac647a"
"2025-07-03","2025-07-03T00:00:00+00:00","{'activity_balance': 82, 'body_temperature': 97, 'hrv_balance': 68, 'previous_day_activity': 70, 'previous_night': 95, 'recovery_index': 55, 'resting_heart_rate': 100, 'sleep_balance': 70}",79,-0.22,-0.16,"fc99e0ae-3645-49bf-9d0b-8d6fde7983f5"
"2025-07-04","2025-07-04T00:00:00+00:00","{'activity_balance': 89, 'body_temperature': 100, 'hrv_balance': 69, 'previous_day_activity': 92, 'previous_night': 77, 'recovery_index': 100, 'resting_heart_rate': 95, 'sleep_balance': 63}",82,-0.11,-0.05,"842dc408-fbfc-4570-ae6b-140bc9ffdd85"
"2025-07-06","2025-07-06T00:00:00+00:00","{'activity_balance': 72, 'body_temperature': 92, 'hrv_balance': 73, 'previous_day_activity': 62, 'previous_night': 68, 'recovery_index': 85, 'resting_heart_rate': 100, 'sleep_balance': 77}",78,-0.38,-0.24,"d9c81a0c-d827-4711-93d7-75cf225304df"
"2025-07-07","2025-07-07T00:00:00+00:00","{'activity_balance': 84, 'body_temperature': 100, 'hrv_balance': 70, 'previous_day_activity': 95, 'previous_night': 40, 'recovery_index': 93, 'resting_heart_rate': 100, 'sleep_balance': 63}",77,0.05,-0.01,"582748dd-d1e5-4613-859d-59ebe12e8f90"
"2025-07-08","2025-07-08T00:00:00+00:00","{'activity_balance': 69, 'body_temperature': 100, 'hrv_balance': 74, 'previous_day_activity': 82, 'previous_night': 93, 'recovery_index': 100, 'resting_heart_rate': 95, 'sleep_balance': 96}",87,0.06,-0.06,"e51f3d00-71eb-44bf-9499-b7cbc481249e"
"2025-07-09","2025-07-09T00:00:00+00:00","{'activity_balance': 81, 'body_temperature': 100, 'hrv_balance': 77, 'previous_day_activity': 88, 'previous_night': 52, 'recovery_index': 100, 'resting_heart_rate': 100, 'sleep_balance': 62}",79,-0.12,-0.17,"ec62faab-6256-4344-ae6d-c5bdf86f9955"
"2025-07-10","2025-07-10T00:00:00+00:00","{'activity_balance': 73, 'body_temperature': 100, 'hrv_balance': 73, 'previous_day_activity': 85, 'previous_night': 83, 'recovery_index': 24, 'resting_heart_rate': 100, 'sleep_balance': 85}",78,-0.05,0.03,"616238b0-dd00-42ed-b203-a1910690183d"
"2025-07-11","2025-07-11T00:00:00+00:00","{'activity_balance': 83, 'body_temperature': 100, 'hrv_balance': 79, 'previous_day_activity': 72, 'previous_night': 88, 'recovery_index': 97, 'resting_heart_rate': 100, 'sleep_balance': 79}",86,-0.14,-0.04,"bfed2b9f-11d7-4c3b-bc1b-f88640a3e2ad"
"2025-07-12","2025-07-12T00:00:00+00:00","{'activity_balance': 78, 'body_temperature': 100, 'hrv_balance': 79, 'previous_day_activity': 77, 'previous_night': 35, 'recovery_index': 60, 'resting_heart_rate': 85, 'sleep_balance': 69}",70,-0.14,-0.09,"ed457ddc-3dd8-4d48-89f8-b998866a6776"
"2025-07-13","2025-07-13T00:00:00+00:00","{'activity_balance': 86, 'body_temperature': 100, 'hrv_balance': 82, 'previous_day_activity': 89, 'previous_night': 80, 'recovery_index': 30, 'resting_heart_rate': 98, 'sleep_balance': 86}",81,-0.11,-0.07,"bd956431-6e56-4bca-a586-697c2307609b"
"2025-07-14","2025-07-14T00:00:00+00:00","{'activity_balance': 82, 'body_temperature': 100, 'hrv_balance': 81, 'previous_day_activity': 82, 'previous_night': 100, 'recovery_index': 55, 'resting_heart_rate': 94, 'sleep_balance': 79}",84,-0.14,-0.11,"0d85c179-7ad2-4878-89ad-4f0beb6f29a8"
"2025-07-15","2025-07-15T00:00:00+00:00","{'activity_balance': 79, 'body_temperature': 100, 'hrv_balance': 77, 'previous_day_activity': 81, 'previous_night': 67, 'recovery_index': 49, 'resting_heart_rate': 83, 'sleep_balance': 68}",74,-0.04,-0.07,"a1a52ac4-a73b-4c76-bff6-ef64729df763"
"2025-07-16","2025-07-16T00:00:00+00:00","{'activity_balance': 87, 'body_temperature': 99, 'hrv_balance': 85, 'previous_day_activity': 79, 'previous_night': 80, 'recovery_index': 8, 'resting_heart_rate': 100, 'sleep_balance': 85}",79,-0.16,-0.11,"90f10af4-f7ae-4178-a695-cc307b158cad"
"2025-07-17","2025-07-17T00:00:00+00:00","{'activity_balance': 79, 'body_temperature': 100, 'hrv_balance': 78, 'previous_day_activity': 81, 'previous_night': 85, 'recovery_index': 100, 'resting_heart_rate': 83, 'sleep_balance': 79}",83,-0.11,-0.08,"53864039-9f8a-44e6-a943-f35e68b44186"
"2025-07-18","2025-07-18T00:00:00+00:00","{'activity_balance': 88, 'body_temperature': 100, 'hrv_balance': 82, 'previous_day_activity': 84, 'previous_night': 75, 'recovery_index': 70, 'resting_heart_rate': 100, 'sleep_balance': 82}",84,-0.12,-0.07,"48119e50-ad40-4df0-ad9a-8df8b8092e89"
"2025-07-19","2025-07-19T00:00:00+00:00","{'activity_balance': 85, 'body_temperature': 100, 'hrv_balance': 78, 'previous_day_activity': 97, 'previous_night': 93, 'recovery_index': 100, 'resting_heart_rate': 65, 'sleep_balance': 85}",85,-0.12,-0.1,"abfe3355-932a-451e-b024-eb5879842308"
"2025-07-20","2025-07-20T00:00:00+00:00","{'activity_balance': 81, 'body_temperature': 100, 'hrv_balance': 78, 'previous_day_activity': 79, 'previous_night': 60, 'recovery_index': 100, 'resting_heart_rate': 84, 'sleep_balance': 85}",81,-0.16,-0.1,"7e76db39-7107-4025-b882-3ac05f3c3b55"
"2025-07-21","2025-07-21T00:00:00+00:00","{'activity_balance': 91, 'body_temperature': 100, 'hrv_balance': 83, 'previous_day_activity': 90, 'previous_night': 83, 'recovery_index': 95, 'resting_heart_rate': 100, 'sleep_balance': 89}",90,-0.14,-0.1,"7caa89cb-ec66-43db-918a-fc3aeeec85e7"
"2025-07-22","2025-07-22T00:00:00+00:00","{'activity_balance': 86, 'body_temperature': 100, 'hrv_balance': 76, 'previous_day_activity': 82, 'previous_night': 70, 'recovery_index': 58, 'resting_heart_rate': 74, 'sleep_balance': 81}",77,-0.06,-0.08,"d48790aa-213d-434e-83ce-dd235c732d79"
"2025-07-23","2025-07-23T00:00:00+00:00","{'activity_balance': 87, 'body_temperature': 100, 'hrv_balance': 78, 'previous_day_activity': 79, 'previous_night': 78, 'recovery_index': 100, 'resting_heart_rate': 74, 'sleep_balance': 87}",83,-0.06,-0.08,"dffc1aec-cb2f-41d9-b885-9bdda38abff5"
"2025-07-24","2025-07-24T00:00:00+00:00","{'activity_balance': 88, 'body_temperature': 100, 'hrv_balance': 79, 'previous_day_activity': 82, 'previous_night': 75, 'recovery_index': 49, 'resting_heart_rate': 92, 'sleep_balance': 81}",80,0.05,-0.01,"93863d03-bc57-4dee-bf11-36beafc33ad9"
"2025-07-25","2025-07-25T00:00:00+00:00","{'activity_balance': 85, 'body_temperature': 100, 'hrv_balance': 70, 'previous_day_activity': 78, 'previous_night': 83, 'recovery_index': 84, 'resting_heart_rate': 92, 'sleep_balance': 79}",82,-0.13,-0.06,"b00a5187-9d75-4550-865a-a998ade65356"
"2025-07-26","2025-07-26T00:00:00+00:00","{'activity_balance': 82, 'body_temperature': 100, 'hrv_balance': 75, 'previous_day_activity': 72, 'previous_night': 70, 'recovery_index': 60, 'resting_heart_rate': 92, 'sleep_balance': 76}",77,-0.08,-0.01,"fe3feb9b-b90c-42ee-b320-a535805cad0d"
"2025-07-27","2025-07-27T00:00:00+00:00","{'activity_balance': 90, 'body_temperature': 100, 'hrv_balance': 71, 'previous_day_activity': 89, 'previous_night': 78, 'recovery_index': 30, 'resting_heart_rate': 92, 'sleep_balance': 76}",77,-0.07,0.0,"36ab29a6-0475-4fca-ad8a-e1ef9d93df25"
"2025-07-28","2025-07-28T00:00:00+00:00","{'activity_balance': 83, 'body_temperature': 100, 'hrv_balance': 70, 'previous_day_activity': 67, 'previous_night': 85, 'recovery_index': 68, 'resting_heart_rate': 83, 'sleep_balance': 77}",78,-0.07,-0.06,"cd2ba9a7-bf1c-4020-ba0f-64e385debbdd"
"2025-07-29","2025-07-29T00:00:00+00:00","{'activity_balance': 83, 'body_temperature': 100, 'hrv_balance': 70, 'previous_day_activity': 82, 'previous_night': 68, 'recovery_index': 90, 'resting_heart_rate': 65, 'sleep_balance': 71}",76,0.0,-0.01,"b7253b56-376b-40e0-a2e9-cee3b5614bd7"
"2025-07-30","2025-07-30T00:00:00+00:00","{'activity_balance': 86, 'body_temperature': 100, 'hrv_balance': 73, 'previous_day_activity': 80, 'previous_night': 90, 'recovery_index': 75, 'resting_heart_rate': 75, 'sleep_balance': 80}",81,-0.03,-0.02,"44b192b6-22be-4b3a-b4f5-54f6f62717ea"
"2025-07-31","2025-07-31T00:00:00+00:00","{'activity_balance': 80, 'body_temperature': 95, 'hrv_balance': 71, 'previous_day_activity': 77, 'previous_night': 77, 'recovery_index': 97, 'resting_heart_rate': 66, 'sleep_balance': 74}",78,-0.3,-0.11,"21ffdeb0-d1ab-4b7a-a077-102633495bae"
"2025-08-01","2025-08-01T00:00:00+00:00","{'activity_balance': 84, 'body_temperature': 100, 'hrv_balance': 71, 'previous_day_activity': 85, 'previous_night': 98, 'recovery_index': 100, 'resting_heart_rate': 76, 'sleep_balance': 85}",86,-0.07,0.0,"c14cd8f9-339a-42c7-98ab-a8b56a6c249c"
"2025-08-02","2025-08-02T00:00:00+00:00","{'activity_balance': 80, 'body_temperature': 100, 'hrv_balance': 73, 'previous_day_activity': 68, 'previous_night': 72, 'recovery_index': 100, 'resting_heart_rate': 85, 'sleep_balance': 77}",80,-0.1,-0.08,"43cbf242-c538-49f6-afe9-7571556e9770"
"2025-08-03","2025-08-03T00:00:00+00:00","{'activity_balance': 84, 'body_temperature': 100, 'hrv_balance': 72, 'previous_day_activity': 92, 'previous_night': 78, 'recovery_index': 100, 'resting_heart_rate': 85, 'sleep_balance': 84}",85,0.03,-0.1,"c828a25f-1c93-44ce-96b8-61138fddc3dc"
"2025-08-04","2025-08-04T00:00:00+00:00","{'activity_balance': 77, 'body_temperature': 93, 'hrv_balance': 75, 'previous_day_activity': 79, 'previous_night': 75, 'recovery_index': 100, 'resting_heart_rate': 85, 'sleep_balance': 81}",82,0.15,0.03,"21d2ab83-d2d9-4b37-91ee-4282c81c99c5"
"2025-08-05","2025-08-05T00:00:00+00:00","{'activity_balance': 84, 'body_temperature': 100, 'hrv_balance': 68, 'previous_day_activity': 84, 'previous_night': 78, 'recovery_index': 73, 'resting_heart_rate': 76, 'sleep_balance': 82}",79,-0.16,-0.06,"9297a845-23b2-47a0-a2fd-9d395db90082"
"2025-08-06","2025-08-06T00:00:00+00:00","{'activity_balance': 78, 'body_temperature': 97, 'hrv_balance': 71, 'previous_day_activity': 71, 'previous_night': 80, 'recovery_index': 75, 'resting_heart_rate': 68, 'sleep_balance': 80}",77,-0.24,-0.02,"2aa85a83-f2e6-4c45-9f17-912620e3fa18"
"2025-08-07","2025-08-07T00:00:00+00:00","{'activity_balance': 81, 'body_temperature': 100, 'hrv_balance': 68, 'previous_day_activity': 82, 'previous_night': 73, 'recovery_index': 5, 'resting_heart_rate': 86, 'sleep_balance': 78}",72,-0.1,0.0,"fd84284f-1895-4230-9e7b-a7430e95bcda"
"2025-08-08","2025-08-08T00:00:00+00:00","{'activity_balance': 83, 'body_temperature': 100, 'hrv_balance': 67, 'previous_day_activity': 69, 'previous_night': 85, 'recovery_index': 52, 'resting_heart_rate': 100, 'sleep_balance': 81}",80,-0.07,-0.11,"4471d64e-20f8-4ccc-b09b-325412f08b29"
"2025-08-09","2025-08-09T00:00:00+00:00","{'activity_balance': 68, 'body_temperature': 100, 'hrv_balance': 68, 'previous_day_activity': 64, 'previous_night': 80, 'recovery_index': 98, 'resting_heart_rate': 78, 'sleep_balance': 81}",78,-0.09,-0.12,"721cd25d-a511-47bb-afa5-0d11cfca7cf8"
"2025-08-14","2025-08-14T00:00:00+00:00","{'activity_balance': 72, 'body_temperature': 100, 'hrv_balance': None, 'previous_day_activity': 68, 'previous_night': 65, 'recovery_index': 20, 'resting_heart_rate': 100, 'sleep_balance': None}",72,-0.13,"","9e52e2a7-9ee1-4123-9bb5-bb8d8bf2f8a0"
"2025-08-15","2025-08-15T00:00:00+00:00","{'activity_balance': 84, 'body_temperature': 100, 'hrv_balance': None, 'previous_day_activity': 95, 'previous_night': 63, 'recovery_index': 30, 'resting_heart_rate': 95, 'sleep_balance': None}",77,-0.03,"","523afaf1-0d0f-4a2a-9c49-673556c240e6"
"2025-08-16","2025-08-16T00:00:00+00:00","{'activity_balance': 75, 'body_temperature': 100, 'hrv_balance': None, 'previous_day_activity': 72, 'previous_night': 98, 'recovery_index': 31, 'resting_heart_rate': 100, 'sleep_balance': None}",81,-0.08,-0.05,"e8bb580f-0921-4fe6-83fe-3f2f8dc27df6"
"2025-08-17","2025-08-17T00:00:00+00:00","{'activity_balance': 87, 'body_temperature': 85, 'hrv_balance': 83, 'previous_day_activity': 97, 'previous_night': 90, 'recovery_index': 42, 'resting_heart_rate': 95, 'sleep_balance': 72}",83,0.24,0.06,"25960ea5-cb8d-4f0c-b73f-50c8d62ff000"
"2025-08-18","2025-08-18T00:00:00+00:00","{'activity_balance': 85, 'body_temperature': 89, 'hrv_balance': 84, 'previous_day_activity': 91, 'previous_night': 65, 'recovery_index': 70, 'resting_heart_rate': 60, 'sleep_balance': 68}",75,0.2,0.08,"bbb673cc-c15c-4462-a51b-ed4a37e3d959"
"2025-08-19","2025-08-19T00:00:00+00:00","{'activity_balance': 84, 'body_temperature': 95, 'hrv_balance': 75, 'previous_day_activity': 72, 'previous_night': 95, 'recovery_index': 45, 'resting_heart_rate': 79, 'sleep_balance': 87}",79,0.32,0.17,"4ef6b2bb-f669-4e3c-b946-f2c2831c07db"
"2025-08-20","2025-08-20T00:00:00+00:00","{'activity_balance': 90, 'body_temperature': 100, 'hrv_balance': 85, 'previous_day_activity': 78, 'previous_night': 77, 'recovery_index': 11, 'resting_heart_rate': 79, 'sleep_balance': 69}",73,-0.1,0.12,"afdb1ce2-5871-4e1e-a248-8add9b9e3275"
"2025-08-21","2025-08-21T00:00:00+00:00","{'activity_balance': 91, 'body_temperature': 100, 'hrv_balance': 80, 'previous_day_activity': 78, 'previous_night': 53, 'recovery_index': 19, 'resting_heart_rate': 79, 'sleep_balance': 69}",70,-0.01,0.17,"70b7e8fa-38ba-43f5-bc2f-057e8e344598"
